categorie,rang,favoris_par_jour,favoris,age_jours,prix,marque,etat,titre,url
Femmes › Sacs,1,496.0,248,0.29,20.0,Leopard,Neuf sans étiquette,Sac fourre tout,https://www.vinted.fr/items/9971056676-sac-fourre-tout
Femmes › Sacs,2,407.3,224,0.55,3.0,Bershka,Très bon état,borsa bordeux,https://www.vinted.fr/items/9975793891-borsa-bordeux
Femmes › Sacs,3,386.0,193,0.45,21.0,Urban Outfitters,Neuf avec étiquette,Sac bandoulière,https://www.vinted.fr/items/9977787707-sac-bandouliere
Femmes › Sacs,4,366.7,198,0.54,20.0,cuzini,Bon état,Leren hand tas.,https://www.vinted.fr/items/9976104016-leren-hand-tas
Femmes › Sacs,5,322.0,161,0.48,7.0,Pull & Bear,Neuf avec étiquette,Sac à main,https://www.vinted.fr/items/9977205093-sac-a-main
Femmes › Sacs,6,314.0,157,0.35,50.0,boutique indépendante,Neuf avec étiquette,Sac à main,https://www.vinted.fr/items/9968478048-sac-a-main
Femmes › Sacs,7,297.3,217,0.73,22.9,Japan Style,Neuf avec étiquette,Grand sac fourre-tout bleu style japonais neuf,https://www.vinted.fr/items/9972265418-grand-sac-fourre-tout-bleu-style-japonais-neuf
Femmes › Sacs,8,253.3,152,0.6,20.0,Mango,Neuf sans étiquette,Borsetta Mango,https://www.vinted.fr/items/9967871049-borsetta-mango
Femmes › Sacs,9,245.8,322,1.31,50.0,Carhartt,Très bon état,Y2k carhartt bag vintage coquette caqui,https://www.vinted.fr/items/9968258318-y2k-carhartt-bag-vintage-coquette-caqui
Femmes › Sacs,10,187.3,103,0.55,10.0,,Très bon état,sac a main,https://www.vinted.fr/items/9975809456-sac-a-main
Femmes › Sacs,11,180.0,90,0.31,7.0,Bimba Y Lola,Très bon état,bolso plateado pequeño,https://www.vinted.fr/items/9966127193-bolso-plateado-pequeno
Femmes › Sacs,12,172.7,95,0.55,3.0,Puma,Satisfaisant,Sac puma,https://www.vinted.fr/items/9975843249-sac-puma
Femmes › Sacs,13,168.0,84,0.42,20.0,Lacoste,Neuf sans étiquette,Bolso,https://www.vinted.fr/items/9978333161-bolso
Femmes › Sacs,14,164.3,115,0.7,6.0,Fritzi aus Preußen,Bon état,Fritzi aus Preußen Handtasche,https://www.vinted.fr/items/9972737714-fritzi-aus-preussen-handtasche
Femmes › Sacs,15,163.5,85,0.52,70.0,Kapten & Son,Très bon état,Tasche,https://www.vinted.fr/items/9976468386-tasche
Femmes › Chaussures,1,395.2,249,0.63,30.0,Zara,Neuf sans étiquette,Ballerines marron chocolat,https://www.vinted.fr/items/9974111189-ballerines-marron-chocolat
Femmes › Chaussures,2,305.5,168,0.55,35.0,sans marque,Très bon état,Basket Nike,https://www.vinted.fr/items/9975695055-basket-nike
Femmes › Chaussures,3,276.3,210,0.76,25.0,adidas,Très bon état,Samba marron et rose compensées,https://www.vinted.fr/items/9971681883-samba-marron-et-rose-compensees
Femmes › Chaussures,4,274.0,137,0.43,20.0,UGG,Bon état,ugg fourrure,https://www.vinted.fr/items/9978132436-ugg-fourrure
Femmes › Chaussures,5,259.4,179,0.69,10.0,& Other Stories,Satisfaisant,Ballerines & Other Stories. Taille 37. État satisfaisant,https://www.vinted.fr/items/9972967889-ballerines-other-stories-taille-37-etat-satisfaisant
Femmes › Chaussures,6,234.0,117,0.46,25.0,Zara,Neuf sans étiquette,Talon dentelle,https://www.vinted.fr/items/9966520734-talon-dentelle
Femmes › Chaussures,7,210.5,120,0.57,15.0,adidas Originals,Très bon état,Basket Adidas,https://www.vinted.fr/items/9975352028-basket-adidas
Femmes › Chaussures,8,210.0,105,0.27,39.0,,Neuf sans étiquette,Bottes hautes à talon carré T38,https://www.vinted.fr/items/9972366215-bottes-hautes-a-talon-carre-t38
Femmes › Chaussures,9,203.8,106,0.52,10.0,Zara,Neuf sans étiquette,Black Kitten heels,https://www.vinted.fr/items/9976467102-black-kitten-heels
Femmes › Chaussures,10,201.4,292,1.45,70.0,adidas,Très bon état,Samba OG,https://www.vinted.fr/items/9966362081-samba-og
Femmes › Chaussures,11,196.0,98,0.37,13.99,adidas,Très bon état,Chaussures adidas enfant,https://www.vinted.fr/items/9974508422-chaussures-adidas-enfant
Femmes › Chaussures,12,188.1,126,0.67,75.0,Zara,Très bon état,Chaussure,https://www.vinted.fr/items/9973340380-chaussure
Femmes › Chaussures,13,183.8,125,0.68,4.0,Chino,Satisfaisant,Chaussures chinoises,https://www.vinted.fr/items/9973244961-chaussures-chinoises
Femmes › Chaussures,14,178.7,109,0.61,4.0,Primark,Neuf sans étiquette,Sapato novo 37,https://www.vinted.fr/items/9974274531-sapato-novo-37
Femmes › Chaussures,15,171.2,113,0.66,20.0,Vans,Bon état,Chaussure vans,https://www.vinted.fr/items/9973624949-chaussure-vans
Électronique › Ordinateurs et accessoires,1,370.0,185,0.25,25.0,MSI,Très bon état,Pc portable msi x340 a reparer,https://www.vinted.fr/items/9966409090-pc-portable-msi-x340-a-reparer
Électronique › Ordinateurs et accessoires,2,286.7,238,0.83,35.0,Samsung,Très bon état,Netbook Samsung N150,https://www.vinted.fr/items/9970553078-netbook-samsung-n150
Électronique › Ordinateurs et accessoires,3,211.3,281,1.33,25.0,Apple,Bon état,MacBook blanc 2009,https://www.vinted.fr/items/9968119346-macbook-blanc-2009
Électronique › Ordinateurs et accessoires,4,144.0,72,0.42,30.0,Asus,Très bon état,Asus i3  Windows 10,https://www.vinted.fr/items/9978358831-asus-i3-windows-10
Électronique › Ordinateurs et accessoires,5,133.3,68,0.51,16.0,HP,Neuf avec étiquette,2 cartouches d'encres HP 305 couleur,https://www.vinted.fr/items/9976738232-2-cartouches-dencres-hp-305-couleur
Électronique › Ordinateurs et accessoires,6,126.6,181,1.43,20.0,Logitech,Neuf avec étiquette,Logitec Tastatur Rosa,https://www.vinted.fr/items/9966776754-logitec-tastatur-rosa
Électronique › Ordinateurs et accessoires,7,116.2,79,0.68,40.0,Canon,Neuf sans étiquette,Imprimante photo,https://www.vinted.fr/items/9973119081-imprimante-photo
Électronique › Ordinateurs et accessoires,8,84.0,42,0.48,245.0,Apple,Très bon état,MacBook Air Retina Gold,https://www.vinted.fr/items/9977299575-macbook-air-retina-gold
Électronique › Ordinateurs et accessoires,9,56.8,42,0.74,70.0,Apple,Bon état,"MacBook Pro 13"" (2012) SSD 1 To Samsung & macOS Catalina",https://www.vinted.fr/items/9972070746-macbook-pro-13-2012-ssd-1-to-samsung-macos-catalina
Électronique › Ordinateurs et accessoires,10,52.0,26,0.49,5.0,Lacoste,Très bon état,"Housse d’ordinateur 16""",https://www.vinted.fr/items/9977109090-housse-dordinateur-16
Électronique › Ordinateurs et accessoires,11,48.0,24,0.5,10.0,Kiabi,Neuf sans étiquette,Housse ordinateur,https://www.vinted.fr/items/9976882807-housse-ordinateur
Électronique › Ordinateurs et accessoires,12,46.0,23,0.39,25.0,Klipad,Très bon état,Tablette Klipad Notebook,https://www.vinted.fr/items/9978836945-tablette-klipad-notebook
Électronique › Ordinateurs et accessoires,13,46.0,23,0.4,79.99,Apple,Satisfaisant,Apple Macintosh Classic 1990,https://www.vinted.fr/items/9978566710-apple-macintosh-classic-1990
Électronique › Ordinateurs et accessoires,14,45.2,28,0.62,5.0,Accessoires,Neuf sans étiquette,Funda portátil cebra,https://www.vinted.fr/items/9974369923-funda-portatil-cebra
Électronique › Ordinateurs et accessoires,15,44.0,22,0.3,30.0,Lenovo,Bon état,Lenovo IdeaPad Miix 320-10ICR,https://www.vinted.fr/items/9979906243-lenovo-ideapad-miix-320-10icr
Maison › Arts de la table,1,341.9,212,0.62,5.0,Larousse,Neuf sans étiquette,Mugs pour boissons chaudes,https://www.vinted.fr/items/9974308485-mugs-pour-boissons-chaudes
Maison › Arts de la table,2,194.1,99,0.51,3.0,Noël,Neuf sans étiquette,Jolie tasse de Noël avec Casse noisette,https://www.vinted.fr/items/9976613839-jolie-tasse-de-noel-avec-casse-noisette
Maison › Arts de la table,3,190.0,95,0.36,10.0,Søstrene Grene,Très bon état,Søstrene Water holder,https://www.vinted.fr/items/9964539292-sostrene-water-holder
Maison › Arts de la table,4,188.0,94,0.41,13.0,B&M,Neuf avec étiquette,"Tasse Brunch Club ""Croisant""",https://www.vinted.fr/items/9978316076-tasse-brunch-club-croisant
Maison › Arts de la table,5,187.5,105,0.56,9.0,Gisela Graham,Neuf avec étiquette,Pichet à lait neuf,https://www.vinted.fr/items/9975597323-pichet-a-lait-neuf
Maison › Arts de la table,6,166.3,138,0.83,10.0,Gilmore Girls,Neuf sans étiquette,Gilmore Girls mug. Brand new.,https://www.vinted.fr/items/9970602555-gilmore-girls-mug-brand-new
Maison › Arts de la table,7,154.4,105,0.68,12.0,B&M,Neuf avec étiquette,Coupelles Pumkin Cosy season,https://www.vinted.fr/items/9973029984-coupelles-pumkin-cosy-season
Maison › Arts de la table,8,148.6,107,0.72,10.0,B&M,Très bon état,Assiette Brunch Club,https://www.vinted.fr/items/9972465365-assiette-brunch-club
Maison › Arts de la table,9,144.1,85,0.59,18.0,B&M,Neuf avec étiquette,Tasse brunch club B&M,https://www.vinted.fr/items/9974935172-tasse-brunch-club-bm
Maison › Arts de la table,10,143.1,83,0.58,10.0,,Neuf avec étiquette,"Théier doré 1,5L",https://www.vinted.fr/items/9975240859-theier-dore-15l
Maison › Arts de la table,11,136.6,112,0.82,20.0,Home & Deco,Neuf avec étiquette,Ménagère 24 pièces,https://www.vinted.fr/items/9970735307-menagere-24-pieces
Maison › Arts de la table,12,122.0,61,0.41,18.0,B&M,Neuf avec étiquette,Tasse collection Brunch,https://www.vinted.fr/items/9978412428-tasse-collection-brunch
Maison › Arts de la table,13,121.4,102,0.84,5.0,Lidl,Très bon état,Salt & pepper mill,https://www.vinted.fr/items/9970469333-salt-pepper-mill
Maison › Arts de la table,14,113.6,75,0.66,11.0,Coca-Cola,Neuf avec étiquette,Verre coca cola spécial coupe du monde,https://www.vinted.fr/items/9973466379-verre-coca-cola-special-coupe-du-monde
Maison › Arts de la table,15,94.0,47,0.48,12.0,Peugeot,Très bon état,Moulin sel peugeot,https://www.vinted.fr/items/9977170213-moulin-sel-peugeot
Sport › Équitation,1,338.2,186,0.55,50.0,Harcour,Neuf sans étiquette,Tapis harcour,https://www.vinted.fr/items/9975767554-tapis-harcour
Sport › Équitation,2,310.0,155,0.5,35.0,Harcour,Très bon état,Tapis harcour,https://www.vinted.fr/items/9972308056-tapis-harcour
Sport › Équitation,3,198.8,159,0.8,15.0,HKM,Neuf avec étiquette,pantalon équitation hkm taille 9/11 ans neuf,https://www.vinted.fr/items/9971059910-pantalon-equitation-hkm-taille-911-ans-neuf
Sport › Équitation,4,154.1,228,1.48,50.0,Harcour,Très bon état,Tapis Harcour taille poney,https://www.vinted.fr/items/9965944221-tapis-harcour-taille-poney
Sport › Équitation,5,124.8,181,1.45,65.0,Harcour,Neuf avec étiquette,Tapis harcour France,https://www.vinted.fr/items/9966494876-tapis-harcour-france
Sport › Équitation,6,121.0,98,0.81,12.0,Hobby Horse,Très bon état,Lot pour filet hobby horse,https://www.vinted.fr/items/9970913055-lot-pour-filet-hobby-horse
Sport › Équitation,7,107.0,76,0.71,25.0,Flex-on,Neuf avec étiquette,Stickers Paillette Flex ON,https://www.vinted.fr/items/9972639968-stickers-paillette-flex-on
Sport › Équitation,8,101.4,71,0.7,35.0,Kentucky,Bon état,Tapis kentuky velvet contrast violet royal,https://www.vinted.fr/items/9972913998-tapis-kentuky-velvet-contrast-violet-royal
Sport › Équitation,9,100.0,84,0.84,35.0,Harcour,Très bon état,Tapis Harcour bleu marine,https://www.vinted.fr/items/9970471301-tapis-harcour-bleu-marine
Sport › Équitation,10,92.0,46,0.48,50.0,gem,Très bon état,Tapis GEM bleu turquoise,https://www.vinted.fr/items/9977205575-tapis-gem-bleu-turquoise
Sport › Équitation,11,87.0,47,0.54,60.0,DEVOUCOUX,Très bon état,Bridon Devoucoux,https://www.vinted.fr/items/9976043853-bridon-devoucoux
Sport › Équitation,12,81.0,47,0.58,9.0,Pénélope Leprevost,Très bon état,Cloches Penelope S,https://www.vinted.fr/items/9975141620-cloches-penelope-s
Sport › Équitation,13,75.6,59,0.78,10.0,Accessories,Très bon état,Porte selle,https://www.vinted.fr/items/9971414934-porte-selle
Sport › Équitation,14,73.8,48,0.65,20.0,Kentucky,Bon état,Ensemble tapis et bonnet vert sapin kentucky,https://www.vinted.fr/items/9973665368-ensemble-tapis-et-bonnet-vert-sapin-kentucky
Sport › Équitation,15,69.4,43,0.62,7.0,Equi Théme,Très bon état,Licol,https://www.vinted.fr/items/9974463413-licol
Sport › Sports d'équipe,1,330.0,165,0.48,39.99,Dior,Très bon état,Batte de baseball Dior,https://www.vinted.fr/items/9977357532-batte-de-baseball-dior
Sport › Sports d'équipe,2,140.0,70,0.19,12.0,Nike,Neuf sans étiquette,Pack protège tibia avec 2 paires de chaussettes coupées nike et pro touch,https://www.vinted.fr/items/9973823679-pack-protege-tibia-avec-2-paires-de-chaussettes-coupees-nike-et-pro-touch
Sport › Sports d'équipe,3,108.0,54,0.35,12.0,Wilson,Neuf sans étiquette,Ballon de basket,https://www.vinted.fr/items/9979279884-ballon-de-basket
Sport › Sports d'équipe,4,86.0,43,0.47,39.99,Christian Dior,Très bon état,Batte de Baseball Christian Dior,https://www.vinted.fr/items/9977412396-batte-de-baseball-christian-dior
Sport › Sports d'équipe,5,76.0,38,0.49,7.0,Footballsocks,Très bon état,Football Socks,https://www.vinted.fr/items/9977052593-football-socks
Sport › Sports d'équipe,6,43.3,236,5.45,30.0,alo,Très bon état,Sac alo,https://www.vinted.fr/items/9923888852-sac-alo
Sport › Sports d'équipe,7,42.0,21,0.31,39.99,Louis Vuitton,Très bon état,Batte de baseball LV,https://www.vinted.fr/items/9979814321-batte-de-baseball-lv
Sport › Sports d'équipe,8,41.5,34,0.82,4.0,adidas,Neuf sans étiquette,Addidas Predator Shinpads,https://www.vinted.fr/items/9970764704-addidas-predator-shinpads
Sport › Sports d'équipe,9,39.0,188,4.82,30.0,Wilson,Neuf sans étiquette,🏀 Ballon de basket Wilson x NBA – édition peluche,https://www.vinted.fr/items/9928951465-ballon-de-basket-wilson-x-nba-edition-peluche
Sport › Sports d'équipe,10,32.0,16,0.41,7.9,football,Neuf avec étiquette,Mini protège-tibias de football,https://www.vinted.fr/items/9978461657-mini-protege-tibias-de-football
Sport › Sports d'équipe,11,31.6,18,0.57,7.0,geen,Neuf sans étiquette,Scheenbeschermers nieuw,https://www.vinted.fr/items/9975311476-scheenbeschermers-nieuw
Sport › Sports d'équipe,12,31.0,49,1.58,2.9,Artengo,Très bon état,Bracelet poignet tennis,https://www.vinted.fr/items/9957542181-bracelet-poignet-tennis
Sport › Sports d'équipe,13,30.4,17,0.56,8.9,Footballsocks,Neuf sans étiquette,3 pares calcetines antideslizante talla 37-41,https://www.vinted.fr/items/9975644612-3-pares-calcetines-antideslizante-talla-37-41
Sport › Sports d'équipe,14,29.5,26,0.88,4.0,FC Barcelona,Neuf avec étiquette,Porte clef fc Barcelone,https://www.vinted.fr/items/9970114525-porte-clef-fc-barcelone
Sport › Sports d'équipe,15,26.9,21,0.78,24.99,Fifa World Cup,Neuf sans étiquette,Ballon de foot world cup,https://www.vinted.fr/items/9971392461-ballon-de-foot-world-cup
"Sport › Fitness, course à pied et yoga",1,326.5,222,0.68,8.0,Accessories,Neuf avec étiquette,Kit d’accessoires Stanley vert,https://www.vinted.fr/items/9429288808-kit-daccessoires-stanley-vert
"Sport › Fitness, course à pied et yoga",2,172.7,133,0.77,15.5,Stanley,Bon état,Stanley cup,https://www.vinted.fr/items/9966553908-stanley-cup
"Sport › Fitness, course à pied et yoga",3,132.0,66,0.27,3.0,shaman,Très bon état,Gourde Mère Veilleuse,https://www.vinted.fr/items/9972489385-gourde-mere-veilleuse
"Sport › Fitness, course à pied et yoga",4,113.4,76,0.67,34.0,Nike,Très bon état,Therma fit M qui taille S en très très bon état,https://www.vinted.fr/items/9129374213-therma-fit-m-qui-taille-s-en-tres-tres-bon-etat
"Sport › Fitness, course à pied et yoga",5,102.0,51,0.48,72.0,Stanley,Très bon état,Stanley Cup Winnie l’Ourson,https://www.vinted.fr/items/9977115996-stanley-cup-winnie-lourson
"Sport › Fitness, course à pied et yoga",6,97.2,69,0.71,27.0,Qwetch,Neuf sans étiquette,Travel mug Qwetch isotherme,https://www.vinted.fr/items/9972671659-travel-mug-qwetch-isotherme
"Sport › Fitness, course à pied et yoga",7,96.0,48,0.44,18.0,Kiprun,Neuf sans étiquette,Gilet pour courir avec gourde,https://www.vinted.fr/items/9977943296-gilet-pour-courir-avec-gourde
"Sport › Fitness, course à pied et yoga",8,80.3,53,0.66,48.99,Stanley,Neuf avec étiquette,Stanley cup,https://www.vinted.fr/items/9967248785-stanley-cup
"Sport › Fitness, course à pied et yoga",9,78.1,50,0.64,10.0,Accessoire,Neuf sans étiquette,Pilate set training,https://www.vinted.fr/items/9974026217-pilate-set-training
"Sport › Fitness, course à pied et yoga",10,78.1,50,0.64,4.0,Nike,Neuf sans étiquette,Bandeau de sport blanc Nike,https://www.vinted.fr/items/9973887602-bandeau-de-sport-blanc-nike
"Sport › Fitness, course à pied et yoga",11,76.3,45,0.59,20.0,Stanley,Très bon état,Mug Stanley Rose,https://www.vinted.fr/items/9975057827-mug-stanley-rose
"Sport › Fitness, course à pied et yoga",12,76.1,51,0.67,23.99,Stanley,Très bon état,Gourde Rose 1.18l isotherme,https://www.vinted.fr/items/9973384888-gourde-rose-118l-isotherme
"Sport › Fitness, course à pied et yoga",13,74.2,46,0.62,18.0,EVADICT,Très bon état,Evadict Gilet Hydratation Trail 10L Noir/Kaki,https://www.vinted.fr/items/9974321051-evadict-gilet-hydratation-trail-10l-noirkaki
"Sport › Fitness, course à pied et yoga",14,66.7,62,0.93,5.0,Nike,Neuf sans étiquette,Chaussettes Nike football,https://www.vinted.fr/items/9969798097-chaussettes-nike-football
"Sport › Fitness, course à pied et yoga",15,62.8,59,0.94,25.0,VANN,Neuf sans étiquette,RVS Waterfles Vann 650ml creme thermosfles,https://www.vinted.fr/items/9914120576-rvs-waterfles-vann-650ml-creme-thermosfles
Sport › Sports de plein air,1,296.7,178,0.6,90.0,Solognac,Neuf sans étiquette,Sac à dos Solognac 70 L,https://www.vinted.fr/items/9963753637-sac-a-dos-solognac-70-l
Sport › Sports de plein air,2,208.0,104,0.32,30.0,Lafuma,Très bon état,Sac à dos Lafuma vintage violet et vert,https://www.vinted.fr/items/9971011915-sac-a-dos-lafuma-vintage-violet-et-vert
Sport › Sports de plein air,3,154.9,79,0.51,8.0,Accessoires,Neuf sans étiquette,Kit de survie neuf .Pierre à feu (Fire starter) Sifflet de secours Survive,https://www.vinted.fr/items/9976690296-kit-de-survie-neuf-pierre-a-feu-fire-starter-sifflet-de-secours-survive
Sport › Sports de plein air,4,86.0,43,0.42,27.0,Salomon,Très bon état,Salomon backpack,https://www.vinted.fr/items/9978374606-salomon-backpack
Sport › Sports de plein air,5,72.0,36,0.49,55.0,Magpul,Très bon état,Poignée Ctr magpul,https://www.vinted.fr/items/9977110843-poignee-ctr-magpul
Sport › Sports de plein air,6,56.5,104,1.84,15.99,Dakine,Bon état,"Sac à dos sport style urbain ,skate ou autre Dakine",https://www.vinted.fr/items/9960398849-sac-a-dos-sport-style-urbain-skate-ou-autre-dakine
Sport › Sports de plein air,7,54.7,29,0.53,14.0,,Neuf avec étiquette,Battons de marche,https://www.vinted.fr/items/9976176997-battons-de-marche
Sport › Sports de plein air,8,49.6,62,1.25,39.9,Cotopaxi,Neuf sans étiquette,Cotopaxi Zaino Rosa,https://www.vinted.fr/items/9968774335-cotopaxi-zaino-rosa
Sport › Sports de plein air,9,46.0,23,0.47,75.0,Magpul,Neuf avec étiquette,Poignée ctr magpul,https://www.vinted.fr/items/9977547307-poignee-ctr-magpul
Sport › Sports de plein air,10,44.7,38,0.85,55.0,Spiritus System,Très bon état,Spiritus system small GP Multicam,https://www.vinted.fr/items/9970384283-spiritus-system-small-gp-multicam
Sport › Sports de plein air,11,41.5,22,0.53,6.0,Chine,Très bon état,Sac a dos,https://www.vinted.fr/items/9976305822-sac-a-dos
Sport › Sports de plein air,12,40.6,39,0.96,25.0,lagolight,Neuf avec étiquette,Lampe frontale,https://www.vinted.fr/items/9969682093-lampe-frontale
Sport › Sports de plein air,13,39.6,21,0.53,15.0,Fishing,Très bon état,Ensemble de leure de moyen taille,https://www.vinted.fr/items/9976178778-ensemble-de-leure-de-moyen-taille
Sport › Sports de plein air,14,36.9,24,0.65,200.0,Holosun,Neuf sans étiquette,Holosun HS510C,https://www.vinted.fr/items/9973839327-holosun-hs510c
Sport › Sports de plein air,15,36.0,18,0.49,9.0,MFH,Neuf avec étiquette,Sac militaire en tissu,https://www.vinted.fr/items/9977104556-sac-militaire-en-tissu
Enfants › Meubles et décoration,1,295.1,239,0.81,12.0,Jysk,Très bon état,Estante de pared 3 estantes blanco/natural,https://www.vinted.fr/items/9966160074-estante-de-pared-3-estantes-blanconatural
Enfants › Meubles et décoration,2,290.0,145,0.49,15.0,IKEA,Neuf sans étiquette,Etagere à ranger salle de bain,https://www.vinted.fr/items/9977067381-etagere-a-ranger-salle-de-bain
Enfants › Meubles et décoration,3,196.7,120,0.61,10.0,Søstrene Grene,Neuf sans étiquette,Juteteppich,https://www.vinted.fr/items/9974534870-juteteppich
Enfants › Meubles et décoration,4,184.0,92,0.47,25.0,Antik,Très bon état,Chairs,https://www.vinted.fr/items/9977442588-chairs
Enfants › Meubles et décoration,5,146.0,73,0.49,29.9,Boutique,Neuf sans étiquette,Tapis de prière fleurie/florale rose,https://www.vinted.fr/items/9917957209-tapis-de-priere-fleurieflorale-rose
Enfants › Meubles et décoration,6,146.0,73,0.42,5.0,sem marca,Neuf avec étiquette,Moldura colorida,https://www.vinted.fr/items/9978243152-moldura-colorida
Enfants › Meubles et décoration,7,136.3,214,1.57,35.0,Jollein,Très bon état,Mobile jollein ourson,https://www.vinted.fr/items/9964375521-mobile-jollein-ourson
Enfants › Meubles et décoration,8,88.7,47,0.53,15.0,Action,Très bon état,Étagère bois salle de bain,https://www.vinted.fr/items/9975830665-etagere-bois-salle-de-bain
Enfants › Meubles et décoration,9,81.2,69,0.85,5.5,guirlande colombes origami,Très bon état,Guirlande oiseaux origami colombes,https://www.vinted.fr/items/9970359776-guirlande-oiseaux-origami-colombes
Enfants › Meubles et décoration,10,73.6,67,0.91,20.0,Jollein,Très bon état,Babynestje Jollein,https://www.vinted.fr/items/9969895921-babynestje-jollein
Enfants › Meubles et décoration,11,70.0,35,0.36,6.0,,Très bon état,Mini coffre fort,https://www.vinted.fr/items/9979188037-mini-coffre-fort
Enfants › Meubles et décoration,12,53.7,79,1.47,5.0,Sauthon,Neuf sans étiquette,arche musicale comme neuf,https://www.vinted.fr/items/9966041327-arche-musicale-comme-neuf
Enfants › Meubles et décoration,13,48.3,43,0.89,22.0,Maxi Cosi,Très bon état,Transat maxi cosi,https://www.vinted.fr/items/9970037919-transat-maxi-cosi
Enfants › Meubles et décoration,14,48.0,24,0.22,10.0,IKEA,Très bon état,Rangement jouet,https://www.vinted.fr/items/9980487703-rangement-jouet
Enfants › Meubles et décoration,15,47.1,24,0.51,5.0,sans marque,Neuf sans étiquette,Rond naissance,https://www.vinted.fr/items/9976613147-rond-naissance
Maison › Outils et bricolage,1,288.0,144,0.34,14.0,Zara Home,Neuf sans étiquette,Set de 4 pomos verdes con detalles dorados,https://www.vinted.fr/items/9953895840-set-de-4-pomos-verdes-con-detalles-dorados
Maison › Outils et bricolage,2,156.4,86,0.55,60.0,Makita,Neuf sans étiquette,Embout à scie cloche makita,https://www.vinted.fr/items/9975774012-embout-a-scie-cloche-makita
Maison › Outils et bricolage,3,110.0,55,0.48,15.0,Maxiflex,Neuf avec étiquette,Lot 6 paires de gants XL - Neuf,https://www.vinted.fr/items/9947251624-lot-6-paires-de-gants-xl-neuf
Maison › Outils et bricolage,4,98.3,59,0.6,45.0,Zara Home,Neuf sans étiquette,Herramientas Zara Home,https://www.vinted.fr/items/9957931463-herramientas-zara-home
Maison › Outils et bricolage,5,83.1,54,0.65,20.0,Parkside,Neuf avec étiquette,Meuleuse de précision parkside,https://www.vinted.fr/items/9973836924-meuleuse-de-precision-parkside
Maison › Outils et bricolage,6,60.8,31,0.51,6.0,Powerfix Profi,Neuf avec étiquette,Limes à clé diamantées,https://www.vinted.fr/items/9976600909-limes-a-cle-diamantees
Maison › Outils et bricolage,7,59.5,50,0.84,15.0,flip flap,Neuf avec étiquette,Casque à soudures,https://www.vinted.fr/items/9970433452-casque-a-soudures
Maison › Outils et bricolage,8,44.0,22,0.44,30.0,Bosch,Très bon état,Perceuse visseuse bosch sans fil,https://www.vinted.fr/items/9978008637-perceuse-visseuse-bosch-sans-fil
Maison › Outils et bricolage,9,42.2,27,0.64,65.0,Parkside,Neuf sans étiquette,Meuleuse d’angle Parkside performance,https://www.vinted.fr/items/9973988545-meuleuse-dangle-parkside-performance
Maison › Outils et bricolage,10,40.3,27,0.67,20.0,Karl Lagerfeld,Neuf sans étiquette,Rouleau de papier peint karl lagarfeld,https://www.vinted.fr/items/9973412308-rouleau-de-papier-peint-karl-lagarfeld
Maison › Outils et bricolage,11,39.7,23,0.58,15.0,Parkside,Très bon état,Batterie parkside,https://www.vinted.fr/items/9975275415-batterie-parkside
Maison › Outils et bricolage,12,38.2,26,0.68,50.0,Parkside,Très bon état,Parkside,https://www.vinted.fr/items/9973131348-parkside
Maison › Outils et bricolage,13,38.0,19,0.46,20.0,burg wachter,Neuf avec étiquette,Boîte aux lettres,https://www.vinted.fr/items/9977665723-boite-aux-lettres
Maison › Outils et bricolage,14,35.4,23,0.65,25.0,3M,Neuf avec étiquette,3M Peltor neufs,https://www.vinted.fr/items/9973809294-3m-peltor-neufs
Maison › Outils et bricolage,15,33.7,29,0.86,28.0,Allsome,Neuf sans étiquette,Serre joint rapide rail de guidage,https://www.vinted.fr/items/9970215911-serre-joint-rapide-rail-de-guidage
Maison › Extérieur et jardin,1,279.0,226,0.81,45.0,The Range,Très bon état,Gouden bloempot met standaard,https://www.vinted.fr/items/9970827004-gouden-bloempot-met-standaard
Maison › Extérieur et jardin,2,67.9,95,1.4,7.0,CASA,Très bon état,Panier - idéal décoration maison ou champêtre mariage,https://www.vinted.fr/items/9967148954-panier-ideal-decoration-maison-ou-champetre-mariage
Maison › Extérieur et jardin,3,65.6,40,0.61,9.0,No Logo,Très bon état,Lanterne ou bougeoir,https://www.vinted.fr/items/9974577061-lanterne-ou-bougeoir
Maison › Extérieur et jardin,4,60.0,30,0.22,50.0,STIHL,Très bon état,Harnais Stihl,https://www.vinted.fr/items/9973604723-harnais-stihl
Maison › Extérieur et jardin,5,50.0,27,0.54,2.0,Action,Neuf sans étiquette,Support en crochet,https://www.vinted.fr/items/9976066550-support-en-crochet
Maison › Extérieur et jardin,6,50.0,25,0.32,50.0,,Neuf sans étiquette,Nettoyeur haute pression,https://www.vinted.fr/items/9941497684-nettoyeur-haute-pression
Maison › Extérieur et jardin,7,42.0,21,0.45,12.0,Parkside,Très bon état,Scatola Parkside,https://www.vinted.fr/items/9977744225-scatola-parkside
Maison › Extérieur et jardin,8,33.3,51,1.53,70.0,Universal,Neuf avec étiquette,4PCS Lampe de Scène,https://www.vinted.fr/items/9965007815-4pcs-lampe-de-scene
Maison › Extérieur et jardin,9,32.0,16,0.41,17.5,Gardena,Très bon état,Gardena slanghaspel met slang,https://www.vinted.fr/items/9976285663-gardena-slanghaspel-met-slang
Maison › Extérieur et jardin,10,32.0,16,0.49,100.0,Vevor,Neuf sans étiquette,Roue joker motorisee,https://www.vinted.fr/items/9977100811-roue-joker-motorisee
Maison › Extérieur et jardin,11,23.5,19,0.81,6.0,,Satisfaisant,Lanterne,https://www.vinted.fr/items/9970901220-lanterne
Maison › Extérieur et jardin,12,22.1,17,0.77,30.0,PARAMINS,Très bon état,Baromètre,https://www.vinted.fr/items/9907024676-barometre
Maison › Extérieur et jardin,13,22.0,11,0.5,10.0,Amazon,Neuf sans étiquette,Supports plantes roulette,https://www.vinted.fr/items/9975687173-supports-plantes-roulette
Maison › Extérieur et jardin,14,20.0,10,0.42,7.0,Action,Très bon état,Lanterne,https://www.vinted.fr/items/9974243438-lanterne
Maison › Extérieur et jardin,15,19.0,12,0.63,6.0,Hornbach,Neuf avec étiquette,Neu! LED Solarstreifen 3 Meter,https://www.vinted.fr/items/9974087239-neu-led-solarstreifen-3-meter
Enfants › Sommeil et literie,1,268.0,134,0.44,16.0,Primark,Neuf avec étiquette,Plaid Primark snoopy,https://www.vinted.fr/items/9976654491-plaid-primark-snoopy
Enfants › Sommeil et literie,2,100.0,76,0.76,30.0,Blanca,Très bon état,Dos colchas de algodón de Piqué con un precioso relieve y detalles de crochet,https://www.vinted.fr/items/9971710261-dos-colchas-de-algodon-de-pique-con-un-precioso-relieve-y-detalles-de-crochet
Enfants › Sommeil et literie,3,87.3,124,1.42,15.0,The Grinch,Neuf avec étiquette,Plaide the Grinch,https://www.vinted.fr/items/9966951425-plaide-the-grinch
Enfants › Sommeil et literie,4,71.1,96,1.35,6.0,Meyco,Neuf sans étiquette,Emmalloitage bébé,https://www.vinted.fr/items/9967817625-emmalloitage-bebe
Enfants › Sommeil et literie,5,67.8,59,0.87,10.0,Jollein,Très bon état,Gigoteuse hiver,https://www.vinted.fr/items/9970156335-gigoteuse-hiver
Enfants › Sommeil et literie,6,61.2,93,1.52,18.0,The Grinch,Très bon état,Plaid the grinch Noël,https://www.vinted.fr/items/9965287067-plaid-the-grinch-noel
Enfants › Sommeil et literie,7,56.0,28,0.47,20.0,baby monitor,Très bon état,Baby monitor,https://www.vinted.fr/items/9977427734-baby-monitor
Enfants › Sommeil et literie,8,55.6,30,0.54,5.0,Lily & Dan,Neuf avec étiquette,Gigoteuse tog 2 neuve 3-6 mois,https://www.vinted.fr/items/9975294107-gigoteuse-tog-2-neuve-3-6-mois
Enfants › Sommeil et literie,9,39.7,23,0.58,2.0,Kiabi,Très bon état,Couverture bébé intérieur polaire,https://www.vinted.fr/items/9975082224-couverture-bebe-interieur-polaire
Enfants › Sommeil et literie,10,38.0,19,0.35,2.0,Vertbaudet,Très bon état,Gigoteuse,https://www.vinted.fr/items/9979306278-gigoteuse
Enfants › Sommeil et literie,11,38.0,19,0.37,48.0,Emma & Noah,Neuf avec étiquette,Schlafsack mit Füßen,https://www.vinted.fr/items/9968354037-schlafsack-mit-fussen
Enfants › Sommeil et literie,12,36.0,18,0.36,6.0,Jollein,Très bon état,Gigoteuse jollein 4 saisons,https://www.vinted.fr/items/9979133382-gigoteuse-jollein-4-saisons
Enfants › Sommeil et literie,13,35.7,30,0.84,5.0,Sanrio,Neuf avec étiquette,Coussin oreiller neuf Hello Kitty,https://www.vinted.fr/items/9970457123-coussin-oreiller-neuf-hello-kitty
Enfants › Sommeil et literie,14,32.5,26,0.8,13.0,Petit Béguin,Très bon état,Turbulette Petit Beguin 24-36 mois,https://www.vinted.fr/items/9971014812-turbulette-petit-beguin-24-36-mois
Enfants › Sommeil et literie,15,31.9,51,1.6,5.0,sans marque,Très bon état,Plaid stitch petit,https://www.vinted.fr/items/9963909105-plaid-stitch-petit
Maison › Décoration,1,250.0,125,0.42,25.0,Fait Main,Très bon état,Planches à découper,https://www.vinted.fr/items/9978255707-planches-a-decouper
Maison › Décoration,2,144.0,72,0.38,39.9,Leroy Merlin,Neuf sans étiquette,Lampe Led Champignon rechargeable chromée Space Age & Rétro 70s,https://www.vinted.fr/items/9973280948-lampe-led-champignon-rechargeable-chromee-space-age-retro-70s
Maison › Décoration,3,141.9,88,0.62,15.0,CASA,Très bon état,Deux table,https://www.vinted.fr/items/9974036160-deux-table
Maison › Décoration,4,128.2,109,0.85,10.0,Countryfield,Neuf avec étiquette,Horloge vintage,https://www.vinted.fr/items/9970369461-horloge-vintage
Maison › Décoration,5,127.5,65,0.51,8.0,Winnie The Pooh,Très bon état,Panier de rangement,https://www.vinted.fr/items/9976721790-panier-de-rangement
Maison › Décoration,6,124.6,81,0.65,25.99,Octopus,Neuf sans étiquette,Poulpe / Pieuvre 3D - Support de lampe E14 - Décoration originale 🐙💡,https://www.vinted.fr/items/9973795261-poulpe-pieuvre-3d-support-de-lampe-e14-decoration-originale
Maison › Décoration,7,116.0,87,0.75,8.0,Maisons du Monde,Neuf avec étiquette,Porte plante neuf style moderne contemporain,https://www.vinted.fr/items/9971830262-porte-plante-neuf-style-moderne-contemporain
Maison › Décoration,8,112.7,178,1.58,14.0,Jysk,Neuf avec étiquette,Dekoleuchte Marinus 20xH28cm dunkelbraun,https://www.vinted.fr/items/9964260368-dekoleuchte-marinus-20xh28cm-dunkelbraun
Maison › Décoration,9,111.3,59,0.53,36.0,Tendance,Très bon état,Lampe Champignon kaki vert Tendance vintage,https://www.vinted.fr/items/9976258728-lampe-champignon-kaki-vert-tendance-vintage
Maison › Décoration,10,106.0,53,0.5,5.0,Inconnu,Bon état,Contenant à papier essuie tout,https://www.vinted.fr/items/9976818705-contenant-a-papier-essuie-tout
Maison › Décoration,11,103.4,61,0.59,19.0,Anthropologie,Neuf avec étiquette,Plateau en ceramique,https://www.vinted.fr/items/9975057093-plateau-en-ceramique
Maison › Décoration,12,101.7,59,0.58,10.0,Religion,Très bon état,Statue sainte vierges Marie,https://www.vinted.fr/items/9975100819-statue-sainte-vierges-marie
Maison › Décoration,13,101.2,81,0.8,15.0,scarpiera,Neuf avec étiquette,Scarpiera,https://www.vinted.fr/items/9970998342-scarpiera
Maison › Décoration,14,100.0,68,0.68,15.0,Temu,Neuf sans étiquette,Lampe orange,https://www.vinted.fr/items/9973177271-lampe-orange
Maison › Décoration,15,98.4,63,0.64,10.0,geen,Bon état,Stolpje voor iets in te hangen bv horloge,https://www.vinted.fr/items/9973865005-stolpje-voor-iets-in-te-hangen-bv-horloge
Maison › Textiles,1,228.0,114,0.39,30.0,IKEA,Très bon état,Tapis rond imitation peaux de vache,https://www.vinted.fr/items/9970326413-tapis-rond-imitation-peaux-de-vache
Maison › Textiles,2,213.6,141,0.66,14.0,Action,Neuf avec étiquette,Plaid,https://www.vinted.fr/items/9973614991-plaid
Maison › Textiles,3,148.0,74,0.31,15.0,IKEA,Très bon état,Wolldecken rosa,https://www.vinted.fr/items/9968542959-wolldecken-rosa
Maison › Textiles,4,146.2,95,0.65,20.0,,Très bon état,Plaid léopard neuf,https://www.vinted.fr/items/9973741475-plaid-leopard-neuf
Maison › Textiles,5,144.7,123,0.85,15.0,madame deco,Neuf avec étiquette,Housse de couette 2 p,https://www.vinted.fr/items/9970377976-housse-de-couette-2-p
Maison › Textiles,6,123.2,117,0.95,10.0,Autre,Satisfaisant,Dessus de lit enfant,https://www.vinted.fr/items/9969705830-dessus-de-lit-enfant
Maison › Textiles,7,122.0,100,0.82,10.0,Daxon,Neuf avec étiquette,Plaid Daxon tartan multicolore – neuf avec emballage,https://www.vinted.fr/items/9970689113-plaid-daxon-tartan-multicolore-neuf-avec-emballage
Maison › Textiles,8,117.0,186,1.59,15.0,Cousu Main,Neuf avec étiquette,Coussin étoile,https://www.vinted.fr/items/9964042105-coussin-etoile
Maison › Textiles,9,114.0,57,0.28,30.0,Vintage housse de couette et une taie d'oreiller c,Très bon état,Vintage housse de couette et une taie d'oreiller coton indien,https://www.vinted.fr/items/9965170822-vintage-housse-de-couette-et-une-taie-doreiller-coton-indien
Maison › Textiles,10,106.9,77,0.72,22.0,Action,Très bon état,Nappe Noël,https://www.vinted.fr/items/9970317875-nappe-noel
Maison › Textiles,11,103.2,130,1.26,18.0,Fait Main,Neuf sans étiquette,Coussin fait main,https://www.vinted.fr/items/9968745706-coussin-fait-main
Maison › Textiles,12,100.0,60,0.6,5.0,Action,Neuf avec étiquette,Rideaux occultant à crochets,https://www.vinted.fr/items/9974690482-rideaux-occultant-a-crochets
Maison › Textiles,13,99.3,150,1.51,17.0,Halloween,Neuf avec étiquette,Coussin potion violet,https://www.vinted.fr/items/9965465077-coussin-potion-violet
Maison › Textiles,14,98.6,70,0.71,14.0,Action,Neuf avec étiquette,Plaid rouge de Noël 140x180cm,https://www.vinted.fr/items/9970614127-plaid-rouge-de-noel-140x180cm
Maison › Textiles,15,92.4,61,0.66,20.0,L'incroyable,Neuf sans étiquette,Lot de 2 Rideaux occultant Terracotta,https://www.vinted.fr/items/9973486964-lot-de-2-rideaux-occultant-terracotta
Femmes › Accessoires,1,225.7,158,0.7,20.0,ZAG,Neuf sans étiquette,Collier zag bijoux,https://www.vinted.fr/items/9972719805-collier-zag-bijoux
Femmes › Accessoires,2,177.1,147,0.83,10.0,Petit Créateur,Très bon état,Boucles oreilles scarabée,https://www.vinted.fr/items/9970626671-boucles-oreilles-scarabee
Femmes › Accessoires,3,170.8,123,0.72,15.0,My Jewellery,Neuf avec étiquette,myjewerlly ketting,https://www.vinted.fr/items/9972362825-myjewerlly-ketting
Femmes › Accessoires,4,140.0,70,0.5,3.0,Primark,Neuf sans étiquette,Écharpe,https://www.vinted.fr/items/9976745344-echarpe
Femmes › Accessoires,5,140.0,77,0.55,15.0,Vivienne Westwood,Très bon état,Collana vivienne Westwood,https://www.vinted.fr/items/9975824249-collana-vivienne-westwood
Femmes › Accessoires,6,138.0,69,0.19,10.0,boutique indépendante,Neuf sans étiquette,Montre,https://www.vinted.fr/items/9973631140-montre
Femmes › Accessoires,7,135.6,80,0.59,6.0,Accessories,Neuf sans étiquette,Bracelet jonc,https://www.vinted.fr/items/9974953481-bracelet-jonc
Femmes › Accessoires,8,135.5,84,0.62,7.0,Zara,Neuf avec étiquette,Mitaines,https://www.vinted.fr/items/9974436643-mitaines
Femmes › Accessoires,9,130.0,65,0.46,5.0,,Neuf avec étiquette,Foulard marron carré,https://www.vinted.fr/items/9977615912-foulard-marron-carre
Femmes › Accessoires,10,120.9,81,0.67,15.0,lot bague argenté inoxydable ajustable,Très bon état,Parure lot 12 bagues argentés perle ronde asymétrique inoxydable ajustable,https://www.vinted.fr/items/9973257701-parure-lot-12-bagues-argentes-perle-ronde-asymetrique-inoxydable-ajustable
Femmes › Accessoires,11,115.2,91,0.79,8.0,New Era,Très bon état,Casquette New era,https://www.vinted.fr/items/9971129726-casquette-new-era
Femmes › Accessoires,12,112.0,103,0.92,35.0,Isabel Marant,Très bon état,Une boucle d’oreille Isabel Marant,https://www.vinted.fr/items/9969814904-une-boucle-doreille-isabel-marant
Femmes › Accessoires,13,111.8,76,0.68,10.0,les merveilles de poupie,Très bon état,Foulard,https://www.vinted.fr/items/9973229835-foulard
Femmes › Accessoires,14,104.0,52,0.49,5.0,GUESS,Neuf sans étiquette,Boucle d oreilles guess,https://www.vinted.fr/items/9977019909-boucle-d-oreilles-guess
Femmes › Accessoires,15,102.2,93,0.91,3.0,Mary Jane,Très bon état,Collier en acier inoxydable,https://www.vinted.fr/items/9969891062-collier-en-acier-inoxydable
Maison › Fournitures de bureau,1,222.2,160,0.72,20.0,Pilot,Neuf avec étiquette,Pilot kakuno M + 6 cartouches,https://www.vinted.fr/items/9972480444-pilot-kakuno-m-6-cartouches
Maison › Fournitures de bureau,2,198.6,143,0.72,5.0,Action,Très bon état,Agenda 2027 diversi colori,https://www.vinted.fr/items/9972511138-agenda-2027-diversi-colori
Maison › Fournitures de bureau,3,167.3,87,0.52,35.0,Carnet,Très bon état,Carnet cahier A6,https://www.vinted.fr/items/9976339450-carnet-cahier-a6
Maison › Fournitures de bureau,4,120.2,107,0.89,3.0,Pan di Stelle,Neuf sans étiquette,Agendina Pan di stelle da collezione  Nuovissima,https://www.vinted.fr/items/9970038970-agendina-pan-di-stelle-da-collezione-nuovissima
Maison › Fournitures de bureau,5,86.3,44,0.51,8.0,The North Face,Neuf sans étiquette,Pot à crayons The North face,https://www.vinted.fr/items/9976749531-pot-a-crayons-the-north-face
Maison › Fournitures de bureau,6,82.7,134,1.62,1.0,Shein,Neuf sans étiquette,Diamond Painting,https://www.vinted.fr/items/9963501853-diamond-painting
Maison › Fournitures de bureau,7,82.7,62,0.75,10.0,,Neuf avec étiquette,Trousse double léopard côtelé doux neuf dans son emballage,https://www.vinted.fr/items/9971966081-trousse-double-leopard-cotele-doux-neuf-dans-son-emballage
Maison › Fournitures de bureau,8,82.0,41,0.33,10.0,Legami,Neuf avec étiquette,Penne legami hallowen,https://www.vinted.fr/items/9979615906-penne-legami-hallowen
Maison › Fournitures de bureau,9,78.3,47,0.6,40.0,Hobonichi,Neuf avec étiquette,Hobonichi weeks 2027,https://www.vinted.fr/items/9974833279-hobonichi-weeks-2027
Maison › Fournitures de bureau,10,74.0,37,0.42,3.0,boutique indépendante,Neuf sans étiquette,Très joli marque pages (fausse horloge)~ Neuf,https://www.vinted.fr/items/9978327061-tres-joli-marque-pages-fausse-horloge-neuf
Maison › Fournitures de bureau,11,73.2,60,0.82,15.0,BIC,Neuf sans étiquette,Lot de 5 stylos 4 couleurs Bic Collection Japon,https://www.vinted.fr/items/9970693436-lot-de-5-stylos-4-couleurs-bic-collection-japon
Maison › Fournitures de bureau,12,70.0,49,0.7,22.0,Legami,Neuf avec étiquette,Legami Halloween,https://www.vinted.fr/items/9972842771-legami-halloween
Maison › Fournitures de bureau,13,64.1,59,0.92,4.0,Pokémon,Neuf sans étiquette,Stylo effaçable Pokémon,https://www.vinted.fr/items/9969846134-stylo-effacable-pokemon
Maison › Fournitures de bureau,14,64.0,32,0.44,20.0,Legami,Neuf avec étiquette,Legami Halloween 2026,https://www.vinted.fr/items/9977982150-legami-halloween-2026
Maison › Fournitures de bureau,15,61.4,54,0.88,22.0,Legami,Neuf avec étiquette,Legami collection Halloween 2025,https://www.vinted.fr/items/9970057826-legami-collection-halloween-2025
Maison › Célébrations et fêtes,1,186.7,280,1.5,15.95,T.K. Maxx,Très bon état,Nieuw!! Super leuk spookje met pompoen halloween herfst pastel,https://www.vinted.fr/items/9965504662-nieuw-super-leuk-spookje-met-pompoen-halloween-herfst-pastel
Maison › Célébrations et fêtes,2,142.1,81,0.57,7.0,Action,Neuf avec étiquette,Piles de citrouilles,https://www.vinted.fr/items/9975344483-piles-de-citrouilles
Maison › Célébrations et fêtes,3,128.0,64,0.37,50.0,Halloween,Neuf avec étiquette,🎃 Lot déco Halloween fantômes lumineux + bougie Dark Magic rose,https://www.vinted.fr/items/9965132557-lot-deco-halloween-fantomes-lumineux-bougie-dark-magic-rose
Maison › Célébrations et fêtes,4,126.0,63,0.35,13.0,Cœurs sur pic,Très bon état,Lot de 50 cœurs sur pic en bois,https://www.vinted.fr/items/9813774508-lot-de-50-coeurs-sur-pic-en-bois
Maison › Célébrations et fêtes,5,124.0,62,0.47,10.0,Noël,Neuf avec étiquette,Sapin lumineux en céramique Noël,https://www.vinted.fr/items/9973164948-sapin-lumineux-en-ceramique-noel
Maison › Célébrations et fêtes,6,107.8,55,0.51,8.0,GiFi,Neuf avec étiquette,Vase à fleurs Happy Autumn,https://www.vinted.fr/items/9976561043-vase-a-fleurs-happy-autumn
Maison › Célébrations et fêtes,7,100.0,75,0.75,15.0,Lumineo,Très bon état,Décoration de Noël,https://www.vinted.fr/items/9971910163-decoration-de-noel
Maison › Célébrations et fêtes,8,96.1,49,0.51,26.0,sans,Neuf sans étiquette,Décoration Halloween Nightmare before Christmas,https://www.vinted.fr/items/9976592625-decoration-halloween-nightmare-before-christmas
Maison › Célébrations et fêtes,9,91.9,136,1.48,50.0,Noël,Très bon état,Toile de fond Spécial Noël,https://www.vinted.fr/items/9965854048-toile-de-fond-special-noel
Maison › Célébrations et fêtes,10,86.6,71,0.82,20.0,Accessories,Neuf avec étiquette,Arche,https://www.vinted.fr/items/9970747508-arche
Maison › Célébrations et fêtes,11,82.7,43,0.52,18.0,,Très bon état,Panneau mural  en bois Halloween,https://www.vinted.fr/items/9976478744-panneau-mural-en-bois-halloween
Maison › Célébrations et fêtes,12,81.2,65,0.8,10.0,Bricolex,Très bon état,Église miniature,https://www.vinted.fr/items/9970974637-eglise-miniature
Maison › Célébrations et fêtes,13,80.3,49,0.61,3.0,Action,Très bon état,Lot de citrouilles,https://www.vinted.fr/items/9974615862-lot-de-citrouilles
Maison › Célébrations et fêtes,14,72.0,36,0.45,15.0,B&M,Neuf avec étiquette,Pile de livres décorative thème pink Halloween,https://www.vinted.fr/items/9977781168-pile-de-livres-decorative-theme-pink-halloween
Maison › Célébrations et fêtes,15,71.8,51,0.71,30.0,,Neuf sans étiquette,Lot de 100 boules à facettes,https://www.vinted.fr/items/9972592731-lot-de-100-boules-a-facettes
Enfants › Jeux et jouets,1,184.3,94,0.51,5.0,Disney,Bon état,Ursula,https://www.vinted.fr/items/9976572639-ursula
Enfants › Jeux et jouets,2,166.2,113,0.68,10.0,Death Note,Neuf sans étiquette,Figurine Ryuk,https://www.vinted.fr/items/9973267641-figurine-ryuk
Enfants › Jeux et jouets,3,142.6,97,0.68,15.0,LEGO,Neuf avec étiquette,Lego formula 1,https://www.vinted.fr/items/9973161621-lego-formula-1
Enfants › Jeux et jouets,4,130.2,69,0.53,10.0,LEGO Creator,Neuf avec étiquette,Lego creator rétro Gaming Console,https://www.vinted.fr/items/9976184933-lego-creator-retro-gaming-console
Enfants › Jeux et jouets,5,124.0,62,0.29,10.0,,Neuf avec étiquette,Azusa K-on,https://www.vinted.fr/items/9980004879-azusa-k-on
Enfants › Jeux et jouets,6,105.1,62,0.59,15.0,La Vie désastreuse de Saiki K,Très bon état,Petite peluche la vie désastreuse de Saiki K,https://www.vinted.fr/items/9974929236-petite-peluche-la-vie-desastreuse-de-saiki-k
Enfants › Jeux et jouets,7,100.0,61,0.61,3.0,Fisher Price,Très bon état,Jouet eveil enfant 1 à 3ans,https://www.vinted.fr/items/9974478950-jouet-eveil-enfant-1-a-3ans
Enfants › Jeux et jouets,8,96.0,48,0.46,5.0,Disney,Bon état,Poupées princesses,https://www.vinted.fr/items/9977669901-poupees-princesses
Enfants › Jeux et jouets,9,94.9,56,0.59,8.0,Santoro,Très bon état,Figurine santoro,https://www.vinted.fr/items/9974970316-figurine-santoro
Enfants › Jeux et jouets,10,89.0,129,1.45,55.0,LEGO,Neuf avec étiquette,Lego Pokemon Eevee,https://www.vinted.fr/items/9966418280-lego-pokemon-eevee
Enfants › Jeux et jouets,11,87.7,57,0.65,3.5,Squishy,Neuf avec étiquette,Squishy pieuvre gel,https://www.vinted.fr/items/9973672182-squishy-pieuvre-gel
Enfants › Jeux et jouets,12,80.0,44,0.55,8.0,Crafts&Co,Neuf sans étiquette,Booknook,https://www.vinted.fr/items/9975750922-booknook
Enfants › Jeux et jouets,13,77.8,42,0.54,10.0,VTech,Neuf avec étiquette,Maé ma licorne à câliner,https://www.vinted.fr/items/9975915556-mae-ma-licorne-a-caliner
Enfants › Jeux et jouets,14,76.8,43,0.56,7.0,Tonies,Très bon état,Eule mit der Beule Tonie,https://www.vinted.fr/items/9975511845-eule-mit-der-beule-tonie
Enfants › Jeux et jouets,15,74.0,37,0.5,8.0,Smiski,Neuf sans étiquette,Smiski bath,https://www.vinted.fr/items/9976890031-smiski-bath
Hommes › Accessoires,1,170.1,131,0.77,20.0,Nike,Neuf sans étiquette,Bonnet nike dri-fit running,https://www.vinted.fr/items/9971593984-bonnet-nike-dri-fit-running
Hommes › Accessoires,2,140.0,70,0.47,9.0,THE NIGHTMARE BEFORE CHRISTMAS,Neuf avec étiquette,Porte-monnaie Tim Burton’s The Nightmare Before Christmas,https://www.vinted.fr/items/9966625125-porte-monnaie-tim-burtons-the-nightmare-before-christmas
Hommes › Accessoires,3,139.7,81,0.58,4.5,unbekannt,Satisfaisant,Wildleder Tasche,https://www.vinted.fr/items/9975247710-wildleder-tasche
Hommes › Accessoires,4,120.0,60,0.49,15.0,Nike,Neuf sans étiquette,Cagoule Nike bleu,https://www.vinted.fr/items/9977147883-cagoule-nike-bleu
Hommes › Accessoires,5,118.9,63,0.53,3.95,Harry Potter,Neuf sans étiquette,Corbata de Harry Potter Hogwarts tie cravate cravatta hufflepuff amarillo,https://www.vinted.fr/items/9976224848-corbata-de-harry-potter-hogwarts-tie-cravate-cravatta-hufflepuff-amarillo
Hommes › Accessoires,6,101.4,74,0.73,10.0,The Centaur,Bon état,Leather tote bag,https://www.vinted.fr/items/9972197036-leather-tote-bag
Hommes › Accessoires,7,92.4,61,0.66,4.0,Gucci,Satisfaisant,Casquette gocci,https://www.vinted.fr/items/9973461510-casquette-gocci
Hommes › Accessoires,8,91.3,63,0.69,28.0,Coach,Neuf avec étiquette,porte carte coach,https://www.vinted.fr/items/9972962376-porte-carte-coach
Hommes › Accessoires,9,90.4,66,0.73,15.0,Longchamp,Très bon état,Longchamp pasjes houder,https://www.vinted.fr/items/9972352700-longchamp-pasjes-houder
Hommes › Accessoires,10,83.6,51,0.61,12.9,Quartz,Très bon état,Montre vintage argenté y2k / neuve,https://www.vinted.fr/items/9974571700-montre-vintage-argente-y2k-neuve
Hommes › Accessoires,11,80.4,45,0.56,10.0,Dakine,Très bon état,Sac à dos marque Dakine,https://www.vinted.fr/items/9975522253-sac-a-dos-marque-dakine
Hommes › Accessoires,12,78.5,95,1.21,11.0,On,Très bon état,Casquette on noire,https://www.vinted.fr/items/9968977218-casquette-on-noire
Hommes › Accessoires,13,77.9,109,1.4,7.0,Accessoires,Très bon état,Colier,https://www.vinted.fr/items/9967146463-colier
Hommes › Accessoires,14,72.7,117,1.61,12.0,Blue Tomato,Neuf sans étiquette,ALAB petje rabbit ears,https://www.vinted.fr/items/9963619372-alab-petje-rabbit-ears
Hommes › Accessoires,15,71.2,42,0.59,6.0,,Très bon état,Sac à main,https://www.vinted.fr/items/9974982283-sac-a-main
Enfants › Bain et change,1,162.7,83,0.51,4.0,Frozen,Neuf avec étiquette,Cofret produits de beauté reine des neiges,https://www.vinted.fr/items/9976644589-cofret-produits-de-beaute-reine-des-neiges
Enfants › Bain et change,2,74.1,40,0.54,18.0,Momcozy,Neuf sans étiquette,Momcozy Baby Nagelfeile Elektrisch,https://www.vinted.fr/items/9975918560-momcozy-baby-nagelfeile-elektrisch
Enfants › Bain et change,3,70.9,39,0.55,65.0,Twistshake,Très bon état,Baignoire twistshake,https://www.vinted.fr/items/9959795381-baignoire-twistshake
Enfants › Bain et change,4,57.1,32,0.56,40.0,Hugo Boss,Très bon état,Sac à langer Hugo Boss,https://www.vinted.fr/items/9975658252-sac-a-langer-hugo-boss
Enfants › Bain et change,5,54.0,27,0.42,31.0,Pampers,Neuf avec étiquette,Pampers prenium protection,https://www.vinted.fr/items/9931190992-pampers-prenium-protection
Enfants › Bain et change,6,48.3,29,0.6,4.0,,Neuf avec étiquette,Eau de toilette enfant,https://www.vinted.fr/items/9974833118-eau-de-toilette-enfant
Enfants › Bain et change,7,48.0,24,0.41,8.0,Maison du Monde,Neuf sans étiquette,Sac à langer,https://www.vinted.fr/items/9978432782-sac-a-langer
Enfants › Bain et change,8,45.2,70,1.55,15.0,BÉABA,Très bon état,Sac à langer,https://www.vinted.fr/items/9964640829-sac-a-langer
Enfants › Bain et change,9,44.4,28,0.63,5.0,,Neuf avec étiquette,Lot capes de bain,https://www.vinted.fr/items/9974169736-lot-capes-de-bain
Enfants › Bain et change,10,44.4,24,0.54,55.0,Twistshake,Neuf avec étiquette,Matelas à langer twistshake,https://www.vinted.fr/items/9976066389-matelas-a-langer-twistshake
Enfants › Bain et change,11,44.0,22,0.46,20.0,Fruit de Ma Passion,Neuf avec étiquette,Sac à langer,https://www.vinted.fr/items/9977561315-sac-a-langer
Enfants › Bain et change,12,38.0,19,0.35,25.0,Momcozy,Neuf sans étiquette,Sac à langer,https://www.vinted.fr/items/9979318626-sac-a-langer
Enfants › Bain et change,13,38.0,19,0.44,40.0,Nattou,Très bon état,Matelas à langer,https://www.vinted.fr/items/9977942670-matelas-a-langer
Enfants › Bain et change,14,30.9,17,0.55,3.0,Kiabi,Neuf avec étiquette,Lot de serviettes de bain,https://www.vinted.fr/items/9975830992-lot-de-serviettes-de-bain
Enfants › Bain et change,15,29.2,26,0.89,92.0,Kapten & Son,Neuf avec étiquette,Norva 2in1 Diaper Muted Rose/Leo,https://www.vinted.fr/items/9949127763-norva-2in1-diaper-muted-roseleo
Électronique › Téléphones portables et équipements de communication,1,162.0,81,0.4,40.0,,Très bon état,Smartphone,https://www.vinted.fr/items/9978644505-smartphone
Électronique › Téléphones portables et équipements de communication,2,122.4,186,1.52,50.0,Apple,Bon état,iPhone 8 Plus,https://www.vinted.fr/items/9965255439-iphone-8-plus
Électronique › Téléphones portables et équipements de communication,3,121.8,67,0.55,350.0,Apple,Neuf sans étiquette,iPhone 17 pro orange,https://www.vinted.fr/items/9975898292-iphone-17-pro-orange
Électronique › Téléphones portables et équipements de communication,4,101.3,151,1.49,35.0,Accessories,Neuf avec étiquette,Mini telephone i17air,https://www.vinted.fr/items/9965802237-mini-telephone-i17air
Électronique › Téléphones portables et équipements de communication,5,90.0,45,0.46,5.0,Apple,Très bon état,Boîte iPhone 12 mini (Pas de téléphone),https://www.vinted.fr/items/9966042286-boite-iphone-12-mini-pas-de-telephone
Électronique › Téléphones portables et équipements de communication,6,83.1,123,1.48,415.0,Google,Très bon état,Pixel 10 noir obsidienne 128g avec boîte et câble d'origine,https://www.vinted.fr/items/9965983733-pixel-10-noir-obsidienne-128g-avec-boite-et-cable-dorigine
Électronique › Téléphones portables et équipements de communication,7,75.4,224,2.97,150.0,Apple,Très bon état,iPhone 14 bleu bien lire l’annonce,https://www.vinted.fr/items/9944593345-iphone-14-bleu-bien-lire-lannonce
Électronique › Téléphones portables et équipements de communication,8,70.0,35,0.42,25.0,Apple,Très bon état,iPhone color vintage,https://www.vinted.fr/items/9978246928-iphone-color-vintage
Électronique › Téléphones portables et équipements de communication,9,70.0,35,0.44,55.0,Apple,Très bon état,iPhone 12 mini,https://www.vinted.fr/items/9977566954-iphone-12-mini
Électronique › Téléphones portables et équipements de communication,10,69.3,95,1.37,15.0,Apple,Bon état,iPhone 6s endommagé pour pièces,https://www.vinted.fr/items/9967642274-iphone-6s-endommage-pour-pieces
Électronique › Téléphones portables et équipements de communication,11,66.0,33,0.43,40.0,Euro CB,Bon état,Appareil d'alimentation stabilisée,https://www.vinted.fr/items/9978187095-appareil-dalimentation-stabilisee
Électronique › Téléphones portables et équipements de communication,12,64.9,37,0.57,12.0,Coque,Neuf avec étiquette,Coque iPhone 17 Pro Max,https://www.vinted.fr/items/9975379847-coque-iphone-17-pro-max
Électronique › Téléphones portables et équipements de communication,13,57.9,81,1.4,16.0,Quad Lock,Neuf sans étiquette,Amortisseur de la marque quad lock,https://www.vinted.fr/items/9967195952-amortisseur-de-la-marque-quad-lock
Électronique › Téléphones portables et équipements de communication,14,56.6,30,0.53,35.0,Apple,Très bon état,iPhone 6s 64gb,https://www.vinted.fr/items/9976255344-iphone-6s-64gb
Électronique › Téléphones portables et équipements de communication,15,54.0,27,0.27,30.0,Apple,Satisfaisant,"Bien lire l’annonce, s’il vous plait ! Je vends cet IPhone uniquement pour pièces.",https://www.vinted.fr/items/9973337986-bien-lire-lannonce-sil-vous-plait-je-vends-cet-iphone-uniquement-pour-pieces
Électronique › Appareils photo et accessoires,1,160.8,82,0.51,65.0,Canon,Neuf sans étiquette,Appareil photo 4k vintage,https://www.vinted.fr/items/9976687752-appareil-photo-4k-vintage
Électronique › Appareils photo et accessoires,2,138.6,219,1.58,50.0,TimeLens,Très bon état,Appareil photo timelens,https://www.vinted.fr/items/9964139978-appareil-photo-timelens
Électronique › Appareils photo et accessoires,3,101.6,65,0.64,50.0,TimeLens,Très bon état,Time Lens Appareil Photo,https://www.vinted.fr/items/9969979461-time-lens-appareil-photo
Électronique › Appareils photo et accessoires,4,101.1,91,0.9,13.0,Hoka,Neuf sans étiquette,Hoka disposable camera,https://www.vinted.fr/items/9963700560-hoka-disposable-camera
Électronique › Appareils photo et accessoires,5,85.1,63,0.74,15.0,Comax,Neuf avec étiquette,Appareil photo pelliculaire,https://www.vinted.fr/items/9972105389-appareil-photo-pelliculaire
Électronique › Appareils photo et accessoires,6,83.9,135,1.61,149.0,Panasonic,Très bon état,Panasonic Lumix DMC-FZ200 / Excellent état / Leica 25-600mm f/2.8,https://www.vinted.fr/items/9963732996-panasonic-lumix-dmc-fz200-excellent-etat-leica-25-600mm-f28
Électronique › Appareils photo et accessoires,7,74.5,41,0.55,30.0,Canon,Très bon état,Appareil photo Canon A520,https://www.vinted.fr/items/9967178704-appareil-photo-canon-a520
Électronique › Appareils photo et accessoires,8,69.2,92,1.33,9.0,C.P. Company,Très bon état,Logo cp company,https://www.vinted.fr/items/9968099285-logo-cp-company
Électronique › Appareils photo et accessoires,9,54.8,34,0.62,9.0,Kodak,Neuf sans étiquette,Kodak réutilisable,https://www.vinted.fr/items/9974387704-kodak-reutilisable
Électronique › Appareils photo et accessoires,10,52.8,28,0.53,36.0,Canon,Très bon état,Canon Prima Twin 28/48mm – Appareil photo argentique 35mm vintage + housse Canon,https://www.vinted.fr/items/9951426007-canon-prima-twin-2848mm-appareil-photo-argentique-35mm-vintage-housse-canon
Électronique › Appareils photo et accessoires,11,48.1,76,1.58,40.0,Instax,Neuf avec étiquette,"Fujifilm Instax Mini 9, Neuf",https://www.vinted.fr/items/9964159231-fujifilm-instax-mini-9-neuf
Électronique › Appareils photo et accessoires,12,44.0,22,0.46,29.95,Instax,Neuf avec étiquette,Cámara Instax mini 9,https://www.vinted.fr/items/9977672674-camara-instax-mini-9
Électronique › Appareils photo et accessoires,13,41.1,37,0.9,25.0,Instax,Très bon état,Instax mini 9,https://www.vinted.fr/items/9969965193-instax-mini-9
Électronique › Appareils photo et accessoires,14,40.0,20,0.43,28.0,Instax,Très bon état,Instax Mini 9 Sofortbild Kamera mintgrün,https://www.vinted.fr/items/9975689695-instax-mini-9-sofortbild-kamera-mintgrun
Électronique › Appareils photo et accessoires,15,38.1,56,1.47,30.0,FUJIFILM,Bon état,Fujifilm Instax Mini 7S Light Pink – Avec boîte,https://www.vinted.fr/items/9966066581-fujifilm-instax-mini-7s-light-pink-avec-boite
Enfants › Allaitement et alimentation,1,146.0,73,0.35,12.0,Tommee Tippee,Très bon état,Dumbo,https://www.vinted.fr/items/9966981112-dumbo
Enfants › Allaitement et alimentation,2,107.9,82,0.76,20.0,BÉABA,Très bon état,Lot 4 pots Béaba en verre 250 mL,https://www.vinted.fr/items/9971772404-lot-4-pots-beaba-en-verre-250-ml
Enfants › Allaitement et alimentation,3,55.3,42,0.76,25.0,Momcozy,Très bon état,Momcozy breastfeeding pillow,https://www.vinted.fr/items/9971655325-momcozy-breastfeeding-pillow
Enfants › Allaitement et alimentation,4,54.0,27,0.48,120.0,Momcozy,Très bon état,Momcosy m5 smart,https://www.vinted.fr/items/9880227375-momcosy-m5-smart
Enfants › Allaitement et alimentation,5,43.6,24,0.55,6.0,Tigex,Neuf avec étiquette,Lot 3 biberons tigex,https://www.vinted.fr/items/9975718174-lot-3-biberons-tigex
Enfants › Allaitement et alimentation,6,42.0,21,0.49,4.0,MAM,Neuf avec étiquette,Tétine MAM,https://www.vinted.fr/items/9977137281-tetine-mam
Enfants › Allaitement et alimentation,7,41.4,36,0.87,12.0,BÉABA,Bon état,Babycook Béaba duo,https://www.vinted.fr/items/9970214249-babycook-beaba-duo
Enfants › Allaitement et alimentation,8,40.1,65,1.62,60.0,Babymoov,Très bon état,Nutribaby xl,https://www.vinted.fr/items/9963565994-nutribaby-xl
Enfants › Allaitement et alimentation,9,35.2,19,0.54,10.0,BÉABA,Très bon état,BEABA Bib expresso,https://www.vinted.fr/items/9976016262-beaba-bib-expresso
Enfants › Allaitement et alimentation,10,34.4,22,0.64,10.0,Élhée,Neuf sans étiquette,Elhee 3 sucettes Choochoo,https://www.vinted.fr/items/9974009671-elhee-3-sucettes-choochoo
Enfants › Allaitement et alimentation,11,34.0,17,0.4,1.5,Primark,Très bon état,Lot de langes,https://www.vinted.fr/items/9978633927-lot-de-langes
Enfants › Allaitement et alimentation,12,33.3,27,0.81,10.0,BÉABA,Bon état,Babycook duo,https://www.vinted.fr/items/9970821006-babycook-duo
Enfants › Allaitement et alimentation,13,32.7,18,0.55,55.0,Momcozy,Neuf avec étiquette,Sterilizzatore Momcozy,https://www.vinted.fr/items/9975728835-sterilizzatore-momcozy
Enfants › Allaitement et alimentation,14,32.5,26,0.8,30.0,BÉABA,Neuf avec étiquette,Prépare lait,https://www.vinted.fr/items/9971061441-prepare-lait
Enfants › Allaitement et alimentation,15,32.2,19,0.59,18.0,MAM,Neuf avec étiquette,Lot Biberons verre,https://www.vinted.fr/items/9974233841-lot-biberons-verre
Électronique › Jeux vidéo et consoles,1,145.6,230,1.58,39.0,PlayStation,Bon état,Psp 1003,https://www.vinted.fr/items/9964274777-psp-1003
Électronique › Jeux vidéo et consoles,2,111.6,77,0.69,40.0,,Très bon état,Jeu super mario galaxy,https://www.vinted.fr/items/9973036690-jeu-super-mario-galaxy
Électronique › Jeux vidéo et consoles,3,100.0,50,0.43,70.0,Nintendo,Très bon état,Switch lite,https://www.vinted.fr/items/9978134238-switch-lite
Électronique › Jeux vidéo et consoles,4,87.5,56,0.64,18.0,,Neuf sans étiquette,Boyonetta 3,https://www.vinted.fr/items/9974050378-boyonetta-3
Électronique › Jeux vidéo et consoles,5,68.0,34,0.37,28.0,,Très bon état,Jeu Switch Zelda Echoes of Wisdow,https://www.vinted.fr/items/9979098188-jeu-switch-zelda-echoes-of-wisdow
Électronique › Jeux vidéo et consoles,6,66.9,107,1.6,22.0,Pdp,Très bon état,Casque et manette Super Mario Nintendo switch,https://www.vinted.fr/items/9963844730-casque-et-manette-super-mario-nintendo-switch
Électronique › Jeux vidéo et consoles,7,66.4,97,1.46,102.5,Nintendo,Très bon état,Gameboy Advance SP | Zwart,https://www.vinted.fr/items/9966230232-gameboy-advance-sp-zwart
Électronique › Jeux vidéo et consoles,8,65.0,52,0.8,7.99,Accessories,Très bon état,manette de switch filaire,https://www.vinted.fr/items/9971101468-manette-de-switch-filaire
Électronique › Jeux vidéo et consoles,9,64.4,56,0.87,18.0,,Très bon état,Yuoni ps5,https://www.vinted.fr/items/9970147335-yuoni-ps5
Électronique › Jeux vidéo et consoles,10,61.8,47,0.76,8.9,,Neuf avec étiquette,Looney tunes switch,https://www.vinted.fr/items/9966265509-looney-tunes-switch
Électronique › Jeux vidéo et consoles,11,59.7,46,0.77,18.0,,Très bon état,Double dragon gaiden Nintendo Switch,https://www.vinted.fr/items/9971637053-double-dragon-gaiden-nintendo-switch
Électronique › Jeux vidéo et consoles,12,59.2,45,0.76,3.0,,Très bon état,Ghostrecon breakpoint,https://www.vinted.fr/items/9971768134-ghostrecon-breakpoint
Électronique › Jeux vidéo et consoles,13,55.7,39,0.7,22.0,,Très bon état,Super Mario Party,https://www.vinted.fr/items/9972829700-super-mario-party
Électronique › Jeux vidéo et consoles,14,53.8,42,0.78,18.0,,Très bon état,Jeu PS4 Alan Wake,https://www.vinted.fr/items/9971387968-jeu-ps4-alan-wake
Électronique › Jeux vidéo et consoles,15,52.0,26,0.4,40.0,Nintendo,Très bon état,Nintendo dsi avec chargeur,https://www.vinted.fr/items/9978583648-nintendo-dsi-avec-chargeur
Loisirs et collections › Rangements pour objets de collection,1,143.4,205,1.43,50.0,Diesel,Très bon état,Diesel Living x Seletti Wunderkammer Skeleton Hand,https://www.vinted.fr/items/9966704494-diesel-living-x-seletti-wunderkammer-skeleton-hand
Loisirs et collections › Rangements pour objets de collection,2,130.0,65,0.41,25.0,vintage brocante,Bon état,Vintage Brocante miniatuur hout kastje met laden,https://www.vinted.fr/items/9978538531-vintage-brocante-miniatuur-hout-kastje-met-laden
Loisirs et collections › Rangements pour objets de collection,3,122.4,104,0.85,5.0,Massilly,Satisfaisant,Boîte métal vintage années 70,https://www.vinted.fr/items/9970402308-boite-metal-vintage-annees-70
Loisirs et collections › Rangements pour objets de collection,4,98.9,91,0.92,10.0,K-Pop Demon Hunters,Neuf avec étiquette,Album Stickers K - Pop Demon Hunters con poster e 10 figurine Omaggio Sigillato.,https://www.vinted.fr/items/9969830776-album-stickers-k-pop-demon-hunters-con-poster-e-10-figurine-omaggio-sigillato
Loisirs et collections › Rangements pour objets de collection,5,86.0,43,0.43,5.0,Peter Rabbit,Très bon état,Peter Rabbit box,https://www.vinted.fr/items/9978105865-peter-rabbit-box
Loisirs et collections › Rangements pour objets de collection,6,71.9,64,0.89,25.0,FABAS LUCE SPA,Neuf sans étiquette,Lampe à poser Fabas Luce vintage,https://www.vinted.fr/items/9969981409-lampe-a-poser-fabas-luce-vintage
Loisirs et collections › Rangements pour objets de collection,7,66.9,99,1.48,40.0,Fallout,Neuf sans étiquette,Fallout - Bouteille Nuka-Cola Grape et capsules,https://www.vinted.fr/items/9965969167-fallout-bouteille-nuka-cola-grape-et-capsules
Loisirs et collections › Rangements pour objets de collection,8,53.2,42,0.79,50.0,Yu-Gi-Oh!,Bon état,Yu-gi-oh blinder,https://www.vinted.fr/items/9971233661-yu-gi-oh-blinder
Loisirs et collections › Rangements pour objets de collection,9,50.6,39,0.77,10.0,Inconnu,Bon état,Étagère pour miniatures et figurines,https://www.vinted.fr/items/9971628374-etagere-pour-miniatures-et-figurines
Loisirs et collections › Rangements pour objets de collection,10,45.8,38,0.83,40.0,Celine Dion,Neuf sans étiquette,Céline Dion Boîte Collector Pierre Hermé,https://www.vinted.fr/items/9959882743-celine-dion-boite-collector-pierre-herme
Loisirs et collections › Rangements pour objets de collection,11,42.0,29,0.69,8.0,,Très bon état,Range carte type pokemon,https://www.vinted.fr/items/9973007227-range-carte-type-pokemon
Loisirs et collections › Rangements pour objets de collection,12,38.0,19,0.38,4.0,Coca-Cola,Très bon état,Boîtes à sucres,https://www.vinted.fr/items/9978970700-boites-a-sucres
Loisirs et collections › Rangements pour objets de collection,13,30.3,23,0.76,2.5,Vintage Love,Bon état,Boîte à savon,https://www.vinted.fr/items/9971779998-boite-a-savon
Loisirs et collections › Rangements pour objets de collection,14,26.9,70,2.6,3.0,POP CORN,Très bon état,Kpop card sleeves Popcorn,https://www.vinted.fr/items/9953388190-kpop-card-sleeves-popcorn
Loisirs et collections › Rangements pour objets de collection,15,26.7,43,1.61,2.0,Autre,Neuf sans étiquette,Rangement escalier,https://www.vinted.fr/items/9963691388-rangement-escalier
Hommes › Chaussures,1,142.0,71,0.43,20.0,Nike,Très bon état,Nike dunk low bordeaux taille 43,https://www.vinted.fr/items/9978172115-nike-dunk-low-bordeaux-taille-43
Hommes › Chaussures,2,119.6,61,0.51,10.0,Puma,Très bon état,Puma Suède XL black,https://www.vinted.fr/items/9976532421-puma-suede-xl-black
Hommes › Chaussures,3,118.2,91,0.77,5.0,Asics,Satisfaisant,chaussures asics,https://www.vinted.fr/items/9971516244-chaussures-asics
Hommes › Chaussures,4,118.0,59,0.45,50.0,Salomon,Très bon état,chaussure course salomon,https://www.vinted.fr/items/9977828976-chaussure-course-salomon
Hommes › Chaussures,5,103.3,157,1.52,20.0,Vans,Bon état,Basket VAN'S,https://www.vinted.fr/items/9965299930-basket-vans
Hommes › Chaussures,6,100.0,50,0.19,1.0,Nike,Très bon état,Destockage chaussure lisez l’annonce avant svp,https://www.vinted.fr/items/9977759677-destockage-chaussure-lisez-lannonce-avant-svp
Hommes › Chaussures,7,100.0,70,0.7,16.0,Asics,Satisfaisant,Paire asics,https://www.vinted.fr/items/9972731935-paire-asics
Hommes › Chaussures,8,95.6,65,0.68,41.0,adidas,Très bon état,Adidas terrex speed ultra 43 1/3,https://www.vinted.fr/items/9973218956-adidas-terrex-speed-ultra-43-13
Hommes › Chaussures,9,94.0,47,0.48,20.0,New Balance,Bon état,New balance,https://www.vinted.fr/items/9970014514-new-balance
Hommes › Chaussures,10,88.9,64,0.72,30.0,Asics,Très bon état,Asics Kayano,https://www.vinted.fr/items/9972428797-asics-kayano
Hommes › Chaussures,11,86.0,43,0.44,80.0,Asics,Neuf avec étiquette,"Asics Gel Kayano 14 Blanc/Argent/Bleu ciel 41,5",https://www.vinted.fr/items/9967010224-asics-gel-kayano-14-blancargentbleu-ciel-415
Hommes › Chaussures,12,84.5,60,0.71,25.0,Hoka,Bon état,Basket hoka one one,https://www.vinted.fr/items/9972636124-basket-hoka-one-one
Hommes › Chaussures,13,82.4,108,1.31,345.0,Golden Goose,Neuf avec étiquette,Golden Goose super star,https://www.vinted.fr/items/9968343730-golden-goose-super-star
Hommes › Chaussures,14,78.7,48,0.61,35.0,Clarks,Neuf sans étiquette,Chaussure Clarks daim,https://www.vinted.fr/items/9974646310-chaussure-clarks-daim
Hommes › Chaussures,15,78.4,58,0.74,75.0,Timberland,Très bon état,chaussures,https://www.vinted.fr/items/9971999256-chaussures
Femmes › Beauté,1,136.0,68,0.32,30.0,,Neuf avec étiquette,Coffret Kayali x5,https://www.vinted.fr/items/9972071737-coffret-kayali-x5
Femmes › Beauté,2,101.9,55,0.54,24.0,Sol de Janeiro,Neuf avec étiquette,Coffret sol de janeiro,https://www.vinted.fr/items/9976016835-coffret-sol-de-janeiro
Femmes › Beauté,3,91.1,72,0.79,20.0,Rhode,Neuf avec étiquette,Lait Rhode visage femme,https://www.vinted.fr/items/9971214586-lait-rhode-visage-femme
Femmes › Beauté,4,88.7,47,0.53,20.0,Kayali,Neuf avec étiquette,Parfum kayali,https://www.vinted.fr/items/9976292129-parfum-kayali
Femmes › Beauté,5,70.8,46,0.65,25.0,Kérastase,Neuf avec étiquette,2 Kérastase huile originale,https://www.vinted.fr/items/9973680178-2-kerastase-huile-originale
Femmes › Beauté,6,62.0,44,0.71,24.0,Huda Beauty,Neuf avec étiquette,Poudre Huda beauty Easy Bake,https://www.vinted.fr/items/9972578935-poudre-huda-beauty-easy-bake
Femmes › Beauté,7,61.9,39,0.63,12.6,Huda Beauty,Neuf avec étiquette,Easy Bake Huda Beauty Poudre pound cake,https://www.vinted.fr/items/9974177649-easy-bake-huda-beauty-poudre-pound-cake
Femmes › Beauté,8,53.6,30,0.56,10.0,Rare Beauty,Neuf avec étiquette,Maquillage,https://www.vinted.fr/items/9975508725-maquillage
Femmes › Beauté,9,52.0,26,0.41,10.0,Huda Beauty,Neuf avec étiquette,Fond de teint huda,https://www.vinted.fr/items/9978497203-fond-de-teint-huda
Femmes › Beauté,10,50.0,29,0.58,19.0,Lush,Neuf avec étiquette,Lush Salty,https://www.vinted.fr/items/9975209206-lush-salty
Femmes › Beauté,11,50.0,26,0.52,30.0,Charlotte Tilbury,Neuf avec étiquette,Poudre charlotte tilbury teinte fair,https://www.vinted.fr/items/9976339358-poudre-charlotte-tilbury-teinte-fair
Femmes › Beauté,12,44.0,22,0.43,14.0,Clarins,Neuf avec étiquette,Crème confort hydratante 50 Ml,https://www.vinted.fr/items/9952795526-creme-confort-hydratante-50-ml
Femmes › Beauté,13,40.8,29,0.71,10.0,Nuxe,Neuf avec étiquette,Box blissim,https://www.vinted.fr/items/9972664982-box-blissim
Femmes › Beauté,14,40.0,20,0.3,5.0,Benefit,Neuf avec étiquette,Bronzer benefit,https://www.vinted.fr/items/9979930480-bronzer-benefit
Femmes › Beauté,15,40.0,20,0.44,5.0,Huda Beauty,Neuf avec étiquette,Palette fards huda beauty,https://www.vinted.fr/items/9977929290-palette-fards-huda-beauty
"Enfants › Poussettes, porte-bébé et sièges auto",1,130.5,77,0.59,95.0,Stokke,Neuf avec étiquette,Pack naissance 0+ neuf Yoyo SANS le roulage,https://www.vinted.fr/items/9966272371-pack-naissance-0-neuf-yoyo-sans-le-roulage
"Enfants › Poussettes, porte-bébé et sièges auto",2,92.0,46,0.35,5.0,Little Dutch,Neuf sans étiquette,Autostoel spiraal little dutch,https://www.vinted.fr/items/9979365950-autostoel-spiraal-little-dutch
"Enfants › Poussettes, porte-bébé et sièges auto",3,75.6,59,0.78,35.0,Jollein,Neuf sans étiquette,Chancelière bébé,https://www.vinted.fr/items/9971362235-chanceliere-bebe
"Enfants › Poussettes, porte-bébé et sièges auto",4,74.0,37,0.49,15.0,niche seat,Neuf avec étiquette,NEW car seat cushion one for €8two for €15,https://www.vinted.fr/items/9977095228-new-car-seat-cushion-one-for-eu8two-for-eu15
"Enfants › Poussettes, porte-bébé et sièges auto",5,44.8,30,0.67,30.0,Momcozy,Très bon état,Porte bébé Momcozy,https://www.vinted.fr/items/9973346011-porte-bebe-momcozy
"Enfants › Poussettes, porte-bébé et sièges auto",6,43.6,24,0.55,5.0,Amazon,Neuf sans étiquette,Couverture cosy,https://www.vinted.fr/items/9975720965-couverture-cosy
"Enfants › Poussettes, porte-bébé et sièges auto",7,39.7,31,0.78,74.0,Cybex,Bon état,🎀 cosy  cybex 🎀,https://www.vinted.fr/items/9971330690-cosy-cybex
"Enfants › Poussettes, porte-bébé et sièges auto",8,38.5,20,0.52,30.0,Momcozy,Très bon état,Babytrage von Momcozy – ergonomisch & bequem,https://www.vinted.fr/items/9976411408-babytrage-von-momcozy-ergonomisch-bequem
"Enfants › Poussettes, porte-bébé et sièges auto",9,38.0,19,0.32,50.0,Be Cool,Très bon état,Planche/siège à roulette universelle pour poussette,https://www.vinted.fr/items/9965132611-planchesiege-a-roulette-universelle-pour-poussette
"Enfants › Poussettes, porte-bébé et sièges auto",10,34.8,64,1.84,55.0,Babybjörn,Très bon état,Porte bebe babybjorn léopard naissance,https://www.vinted.fr/items/9960294236-porte-bebe-babybjorn-leopard-naissance
"Enfants › Poussettes, porte-bébé et sièges auto",11,32.9,50,1.52,35.0,Opp,Très bon état,Passeggino leggero,https://www.vinted.fr/items/9965149301-passeggino-leggero
"Enfants › Poussettes, porte-bébé et sièges auto",12,32.2,19,0.59,23.0,Momcozy,Très bon état,Porte bébé momcosy,https://www.vinted.fr/items/9975025387-porte-bebe-momcosy
"Enfants › Poussettes, porte-bébé et sièges auto",13,31.2,49,1.57,35.0,Momcozy,Neuf sans étiquette,Porte bébé momcozy,https://www.vinted.fr/items/9964364429-porte-bebe-momcozy
"Enfants › Poussettes, porte-bébé et sièges auto",14,30.0,15,0.47,10.0,Universal,Neuf sans étiquette,Chanceliere universelle,https://www.vinted.fr/items/9977405778-chanceliere-universelle
"Enfants › Poussettes, porte-bébé et sièges auto",15,29.8,25,0.84,5.0,Petit Béguin,Bon état,Nid d’ange,https://www.vinted.fr/items/9970503189-nid-dange
"Électronique › Audio, casques et hi-fi",1,129.8,74,0.57,45.0,Apple,Très bon état,iPod nano 3,https://www.vinted.fr/items/9975048101-ipod-nano-3
"Électronique › Audio, casques et hi-fi",2,114.6,181,1.58,30.0,Lexibook,Neuf sans étiquette,Enceinte + micro,https://www.vinted.fr/items/9964215875-enceinte-micro
"Électronique › Audio, casques et hi-fi",3,109.5,69,0.63,50.0,innioasis,Très bon état,Lecteur mp3 innioasis Y1 Noir,https://www.vinted.fr/items/9974172129-lecteur-mp3-innioasis-y1-noir
"Électronique › Audio, casques et hi-fi",4,101.1,89,0.88,55.0,Marshall,Neuf sans étiquette,Casque Marshall major 4,https://www.vinted.fr/items/9970071687-casque-marshall-major-4
"Électronique › Audio, casques et hi-fi",5,97.1,66,0.68,15.0,vintage radio,Neuf sans étiquette,Radio vintage,https://www.vinted.fr/items/9973123252-radio-vintage
"Électronique › Audio, casques et hi-fi",6,93.7,59,0.63,5.0,Marshall,Très bon état,Scatola cassa Marshall,https://www.vinted.fr/items/9974115044-scatola-cassa-marshall
"Électronique › Audio, casques et hi-fi",7,92.0,149,1.62,30.0,,Neuf avec étiquette,Voiture 4x4 bluetooth plusieurs couleur,https://www.vinted.fr/items/9963491025-voiture-4x4-bluetooth-plusieurs-couleur
"Électronique › Audio, casques et hi-fi",8,66.0,33,0.36,7.0,Sony,Très bon état,Lecteur CD,https://www.vinted.fr/items/9979142493-lecteur-cd
"Électronique › Audio, casques et hi-fi",9,65.8,50,0.76,25.0,ifecco,Neuf avec étiquette,FECCO Casque Conduction Osseuse,https://www.vinted.fr/items/9971727125-fecco-casque-conduction-osseuse
"Électronique › Audio, casques et hi-fi",10,62.0,31,0.31,25.0,LAZER,Très bon état,Lecteur DVD portable Lazer,https://www.vinted.fr/items/9978839042-lecteur-dvd-portable-lazer
"Électronique › Audio, casques et hi-fi",11,61.8,34,0.55,20.0,Amazon,Très bon état,Lecteur cd,https://www.vinted.fr/items/9975886693-lecteur-cd
"Électronique › Audio, casques et hi-fi",12,50.8,32,0.63,65.0,innioasis,Neuf avec étiquette,Lecteur mp3 innioasis Y1,https://www.vinted.fr/items/9974150280-lecteur-mp3-innioasis-y1
"Électronique › Audio, casques et hi-fi",13,48.0,24,0.39,70.0,Apple,Très bon état,iPod nano 3 | black | apple,https://www.vinted.fr/items/9978416024-ipod-nano-3-black-apple
"Électronique › Audio, casques et hi-fi",14,44.0,22,0.44,150.0,Apple,Très bon état,AirPods Pro 3 Réduction active du bruit,https://www.vinted.fr/items/9977941559-airpods-pro-3-reduction-active-du-bruit
"Électronique › Audio, casques et hi-fi",15,42.6,23,0.54,12.5,Xiaomi,Neuf sans étiquette,Redmi buds 8 lite,https://www.vinted.fr/items/9975968506-redmi-buds-8-lite
Maison › Entretien de la maison,1,128.8,76,0.59,20.0,Philips,Neuf sans étiquette,Philips Steamer 1000 Series,https://www.vinted.fr/items/9974960661-philips-steamer-1000-series
Maison › Entretien de la maison,2,62.1,95,1.53,50.0,Calor,Très bon état,Centrale vapeur Calor,https://www.vinted.fr/items/9964998020-centrale-vapeur-calor
Maison › Entretien de la maison,3,59.7,40,0.67,26.0,Philips,Neuf avec étiquette,Philips Steamer,https://www.vinted.fr/items/9973369790-philips-steamer
Maison › Entretien de la maison,4,56.2,41,0.73,40.0,VALBERG,Neuf sans étiquette,Nettoyeur detacheur neuf,https://www.vinted.fr/items/9972224707-nettoyeur-detacheur-neuf
Maison › Entretien de la maison,5,52.0,26,0.48,19.0,vacuum cleaner,Neuf avec étiquette,Aspirateurs Main Sans Fil Puissant pour voiture bureau les zones difficiles d'accès,https://www.vinted.fr/items/9966785263-aspirateurs-main-sans-fil-puissant-pour-voiture-bureau-les-zones-difficiles-dacces
Maison › Entretien de la maison,6,48.0,24,0.33,129.0,Dreame,Très bon état,Dreame L10s Pro Gen 3 – robot aspirateur laveur LiDAR 13 000 Pa + base excellent etat,https://www.vinted.fr/items/9967052466-dreame-l10s-pro-gen-3-robot-aspirateur-laveur-lidar-13-000-pa-base-excellent-etat
Maison › Entretien de la maison,7,45.9,28,0.61,330.0,Tineco,Neuf avec étiquette,Aspirateur - Tineco Floor One S9 Master Aspirateur Laveur- neuf,https://www.vinted.fr/items/9971948670-aspirateur-tineco-floor-one-s9-master-aspirateur-laveur-neuf
Maison › Entretien de la maison,8,43.0,64,1.49,55.0,Philips,Neuf sans étiquette,Fer à passer Philips neuf,https://www.vinted.fr/items/9965678022-fer-a-passer-philips-neuf
Maison › Entretien de la maison,9,34.0,17,0.25,14.0,Calor,Très bon état,Fer a repasser Calor,https://www.vinted.fr/items/9975943730-fer-a-repasser-calor
Maison › Entretien de la maison,10,31.2,43,1.38,90.0,Philips,Neuf sans étiquette,Centrale vapeur,https://www.vinted.fr/items/9967489319-centrale-vapeur
Maison › Entretien de la maison,11,30.3,20,0.66,80.0,Dyson,Bon état,Dyson v7,https://www.vinted.fr/items/9973508767-dyson-v7
Maison › Entretien de la maison,12,29.3,17,0.58,16.0,Calor,Neuf sans étiquette,Calor defroisseur,https://www.vinted.fr/items/9975072494-calor-defroisseur
Maison › Entretien de la maison,13,26.0,13,0.47,40.0,Dyson,Très bon état,Dyson pour poils d’animaux (pet grooming kit),https://www.vinted.fr/items/9964905337-dyson-pour-poils-danimaux-pet-grooming-kit
Maison › Entretien de la maison,14,21.8,17,0.78,40.0,Philips,Neuf avec étiquette,Philips Steam & Go Dampf Steamer,https://www.vinted.fr/items/9971331353-philips-steam-go-dampf-steamer
Maison › Entretien de la maison,15,21.6,16,0.74,15.0,Silvercrest,Très bon état,Nettoyeur vapeur Silvercrest,https://www.vinted.fr/items/9972104140-nettoyeur-vapeur-silvercrest
Maison › Outils de cuisine,1,123.4,195,1.58,18.0,sodastream,Très bon état,Sodastream avec cartouche de gaz (vide),https://www.vinted.fr/items/9964267660-sodastream-avec-cartouche-de-gaz-vide
Maison › Outils de cuisine,2,103.0,171,1.66,40.0,Flying Tiger,Neuf avec étiquette,Gewürzhäuser 🧡 8er Set,https://www.vinted.fr/items/9962816437-gewurzhauser-8er-set
Maison › Outils de cuisine,3,94.0,47,0.5,25.0,Maisons du Monde,Neuf sans étiquette,Boîte à pain etat neuf,https://www.vinted.fr/items/9976805487-boite-a-pain-etat-neuf
Maison › Outils de cuisine,4,75.9,44,0.58,7.0,,Très bon état,3 bols antidérapant,https://www.vinted.fr/items/9975166946-3-bols-antiderapant
Maison › Outils de cuisine,5,64.5,49,0.76,3.0,Action,Neuf sans étiquette,Glace,https://www.vinted.fr/items/9971705713-glace
Maison › Outils de cuisine,6,63.5,33,0.52,10.0,JTLB,Neuf sans étiquette,Tapis à rouler pour sushi 24  cm,https://www.vinted.fr/items/9976387906-tapis-a-rouler-pour-sushi-24-cm
Maison › Outils de cuisine,7,60.4,32,0.53,4.0,Lt,Très bon état,Joli  Lots de 4 petits moule savarin,https://www.vinted.fr/items/9963880259-joli-lots-de-4-petits-moule-savarin
Maison › Outils de cuisine,8,53.4,86,1.61,10.0,Moulinex,Neuf sans étiquette,"Moulinex, mouli baby, vintage , cuisine",https://www.vinted.fr/items/9963618535-moulinex-mouli-baby-vintage-cuisine
Maison › Outils de cuisine,9,46.0,40,0.87,15.0,HNOS.ORTA,Neuf sans étiquette,Mortier en Olivier avec pilon. Fabrication espagnole,https://www.vinted.fr/items/9970205686-mortier-en-olivier-avec-pilon-fabrication-espagnole
Maison › Outils de cuisine,10,45.1,60,1.33,15.0,SUSHI,Neuf avec étiquette,Kit sushis,https://www.vinted.fr/items/9968141571-kit-sushis
Maison › Outils de cuisine,11,44.8,30,0.67,12.0,Pyrex,Neuf avec étiquette,"Boite de conservation sous- vide rectangulaire M Pyrex 1,5L",https://www.vinted.fr/items/9973333055-boite-de-conservation-sous-vide-rectangulaire-m-pyrex-15l
Maison › Outils de cuisine,12,43.8,35,0.8,14.0,sans marque,Neuf sans étiquette,Boîte à œufs réutilisable,https://www.vinted.fr/items/9970983553-boite-a-oeufs-reutilisable
Maison › Outils de cuisine,13,43.7,31,0.71,10.0,Tupperware,Neuf avec étiquette,3 bols tupperware,https://www.vinted.fr/items/9972564539-3-bols-tupperware
Maison › Outils de cuisine,14,42.9,30,0.7,20.0,B&M,Neuf avec étiquette,Lot paille et pince,https://www.vinted.fr/items/9972855500-lot-paille-et-pince
Maison › Outils de cuisine,15,42.7,35,0.82,13.0,Atelier du baby-foot,Bon état,Décapsuleur joueur de Baby-foot,https://www.vinted.fr/items/9967319373-decapsuleur-joueur-de-baby-foot
Maison › Cuisson et pâtisserie,1,118.0,59,0.48,5.0,Tognana,Très bon état,Set di 3 padelle antiaderenti,https://www.vinted.fr/items/9977215249-set-di-3-padelle-antiaderenti
Maison › Cuisson et pâtisserie,2,100.0,50,0.43,5.0,SMUKEE,Très bon état,Poêle à pancakes animaux,https://www.vinted.fr/items/9978179865-poele-a-pancakes-animaux
Maison › Cuisson et pâtisserie,3,90.0,45,0.44,55.0,SOLA,Neuf sans étiquette,"Cocotte citrouille , 2,8 L",https://www.vinted.fr/items/9977931019-cocotte-citrouille-28-l
Maison › Cuisson et pâtisserie,4,81.0,47,0.58,25.0,Guy Demarle,Très bon état,Moule charlotte Ohra guy demarle,https://www.vinted.fr/items/9975270081-moule-charlotte-ohra-guy-demarle
Maison › Cuisson et pâtisserie,5,70.9,61,0.86,35.0,Guy Demarle,Neuf sans étiquette,Moule cubicube,https://www.vinted.fr/items/9970221704-moule-cubicube
Maison › Cuisson et pâtisserie,6,67.2,39,0.58,27.0,bratmaxx,Neuf avec étiquette,Casseroles Bratmaxx lot de 4,https://www.vinted.fr/items/9975121807-casseroles-bratmaxx-lot-de-4
Maison › Cuisson et pâtisserie,7,66.5,171,2.57,30.0,bratmaxx,Neuf avec étiquette,Casseroles à vendre,https://www.vinted.fr/items/9953780188-casseroles-a-vendre
Maison › Cuisson et pâtisserie,8,66.2,51,0.77,18.0,Guy Demarle,Très bon état,Moule flexipan,https://www.vinted.fr/items/9964992874-moule-flexipan
Maison › Cuisson et pâtisserie,9,60.6,97,1.6,23.0,PME,Très bon état,Moule gâteau,https://www.vinted.fr/items/9963842751-moule-gateau
Maison › Cuisson et pâtisserie,10,58.3,42,0.72,2.0,CMP,Très bon état,Cassolette,https://www.vinted.fr/items/9972433469-cassolette
Maison › Cuisson et pâtisserie,11,57.6,53,0.92,30.0,Guy Demarle,Neuf sans étiquette,Moule 12 Marguerites Flexipan Guy Demarle,https://www.vinted.fr/items/9966288501-moule-12-marguerites-flexipan-guy-demarle
Maison › Cuisson et pâtisserie,12,54.0,27,0.43,80.0,GiFi,Neuf avec étiquette,Cocotte citrouille Fonte,https://www.vinted.fr/items/9978178340-cocotte-citrouille-fonte
Maison › Cuisson et pâtisserie,13,54.0,27,0.43,80.0,GiFi,Neuf avec étiquette,Cocotte citrouille Fonte,https://www.vinted.fr/items/9978179593-cocotte-citrouille-fonte
Maison › Cuisson et pâtisserie,14,52.8,38,0.72,60.0,SOLA,Neuf avec étiquette,Citrouille,https://www.vinted.fr/items/9972463725-citrouille
Maison › Cuisson et pâtisserie,15,51.3,39,0.76,39.9,Tefal,Neuf sans étiquette,Faitout Tefal neuf,https://www.vinted.fr/items/9971795836-faitout-tefal-neuf
"Électronique › Tablettes, liseuses et accessoires",1,110.0,55,0.25,695.0,Apple,Neuf sans étiquette,iPad Air (2024) + Magic Keyboard + Apple Pencil Pro + handgemachtes Etui,https://www.vinted.fr/items/9966712571-ipad-air-2024-magic-keyboard-apple-pencil-pro-handgemachtes-etui
"Électronique › Tablettes, liseuses et accessoires",2,93.5,58,0.62,420.0,Apple,Très bon état,iPad Pro 4th Generation,https://www.vinted.fr/items/9974140666-ipad-pro-4th-generation
"Électronique › Tablettes, liseuses et accessoires",3,75.7,56,0.74,53.0,Apple,Bon état,Ipad 6e generatie,https://www.vinted.fr/items/9972021146-ipad-6e-generatie
"Électronique › Tablettes, liseuses et accessoires",4,70.1,54,0.77,549.0,Apple,Très bon état,"iPad Pro con Apple Pencil 2, cavo e caricabatterie originali.",https://www.vinted.fr/items/9971102738-ipad-pro-con-apple-pencil-2-cavo-e-caricabatterie-originali
"Électronique › Tablettes, liseuses et accessoires",5,64.8,46,0.71,9.0,Logitech,Très bon état,Clavier IPad,https://www.vinted.fr/items/9972656523-clavier-ipad
"Électronique › Tablettes, liseuses et accessoires",6,56.9,33,0.58,60.0,Apple,Très bon état,Ipad 6 32GB,https://www.vinted.fr/items/9975093167-ipad-6-32gb
"Électronique › Tablettes, liseuses et accessoires",7,51.2,65,1.27,12.0,Accessories,Très bon état,Grip magnétique Kindle plusieurs modèles dispo,https://www.vinted.fr/items/9958506588-grip-magnetique-kindle-plusieurs-modeles-dispo
"Électronique › Tablettes, liseuses et accessoires",8,49.3,33,0.67,20.0,Apple,Satisfaisant,iPad mini,https://www.vinted.fr/items/9973321667-ipad-mini
"Électronique › Tablettes, liseuses et accessoires",9,48.8,61,1.25,5.0,B3D,Neuf sans étiquette,Suporte ebook kobo kindle ou telemóvel,https://www.vinted.fr/items/9968750987-suporte-ebook-kobo-kindle-ou-telemovel
"Électronique › Tablettes, liseuses et accessoires",10,47.4,27,0.57,13.0,Fait Main,Très bon état,Couvre livre en tissu floral.,https://www.vinted.fr/items/9895877215-couvre-livre-en-tissu-floral
"Électronique › Tablettes, liseuses et accessoires",11,44.0,22,0.47,55.0,Kobo,Très bon état,Mini liseuse Kobo,https://www.vinted.fr/items/9977471144-mini-liseuse-kobo
"Électronique › Tablettes, liseuses et accessoires",12,42.9,33,0.77,45.0,Apple,Bon état,iPad Air 2 - 128 Go,https://www.vinted.fr/items/9971637020-ipad-air-2-128-go
"Électronique › Tablettes, liseuses et accessoires",13,42.6,145,3.4,60.0,Apple,Très bon état,Ipad 6 32GB,https://www.vinted.fr/items/9946205154-ipad-6-32gb
"Électronique › Tablettes, liseuses et accessoires",14,40.0,20,0.3,55.0,Amazon,Très bon état,Liseuse Kindle,https://www.vinted.fr/items/9979913759-liseuse-kindle
"Électronique › Tablettes, liseuses et accessoires",15,39.3,59,1.5,45.0,Samsung,Très bon état,Tablette Samsung Galaxy tab 2,https://www.vinted.fr/items/9965603052-tablette-samsung-galaxy-tab-2
Maison › Petits appareils de cuisine,1,105.0,63,0.6,12.0,Ambiano,Très bon état,Ambiano Heißluftfritteuse Airfryer 3L schwarz,https://www.vinted.fr/items/9950100836-ambiano-heissluftfritteuse-airfryer-3l-schwarz
Maison › Petits appareils de cuisine,2,96.5,83,0.86,5.0,Uniqlo,Neuf sans étiquette,Gourde uniqlo,https://www.vinted.fr/items/9970316389-gourde-uniqlo
Maison › Petits appareils de cuisine,3,75.4,49,0.65,15.0,Bialetti,Neuf avec étiquette,Bialetti 3 tasses,https://www.vinted.fr/items/9973712481-bialetti-3-tasses
Maison › Petits appareils de cuisine,4,72.0,36,0.5,5.0,,Neuf sans étiquette,Porta Cápsulas 3D,https://www.vinted.fr/items/9950467649-porta-capsulas-3d
Maison › Petits appareils de cuisine,5,57.5,77,1.34,16.5,Nespresso,Neuf sans étiquette,Boujee Nespresso Travel cup 400ml,https://www.vinted.fr/items/9967922820-boujee-nespresso-travel-cup-400ml
Maison › Petits appareils de cuisine,6,54.0,27,0.44,23.0,sodastream,Neuf sans étiquette,Sodastream neuve,https://www.vinted.fr/items/9977979297-sodastream-neuve
Maison › Petits appareils de cuisine,7,52.3,34,0.65,25.0,Nescafé,Neuf sans étiquette,Machine à café  Dolce Gusto état neuf,https://www.vinted.fr/items/9973839833-machine-a-cafe-dolce-gusto-etat-neuf
Maison › Petits appareils de cuisine,8,52.0,26,0.4,130.0,De'Longhi,Très bon état,Machine à café nespresso x Delonghi couleur noir,https://www.vinted.fr/items/9962364060-machine-a-cafe-nespresso-x-delonghi-couleur-noir
Maison › Petits appareils de cuisine,9,46.0,23,0.46,30.0,Nespresso,Très bon état,Máquina de café nespresso,https://www.vinted.fr/items/9977569653-maquina-de-cafe-nespresso
Maison › Petits appareils de cuisine,10,40.0,20,0.44,20.0,Moulinex,Neuf sans étiquette,Robot à râper couper,https://www.vinted.fr/items/9977904035-robot-a-raper-couper
Maison › Petits appareils de cuisine,11,38.0,19,0.4,12.0,,Neuf sans étiquette,Lot de 4 pieds anti-vibrations pour machine à laver,https://www.vinted.fr/items/9978645262-lot-de-4-pieds-anti-vibrations-pour-machine-a-laver
Maison › Petits appareils de cuisine,12,35.8,24,0.67,14.99,Smeg,Neuf avec étiquette,Thermos jaune 240ml isotherme,https://www.vinted.fr/items/9973337873-thermos-jaune-240ml-isotherme
Maison › Petits appareils de cuisine,13,34.0,17,0.38,45.0,Nespresso,Très bon état,Machine à café Nespresso Inissia Krups – Rouge,https://www.vinted.fr/items/9975574654-machine-a-cafe-nespresso-inissia-krups-rouge
Maison › Petits appareils de cuisine,14,32.9,28,0.85,49.0,Tefal,Neuf sans étiquette,Yaourtière Tefal,https://www.vinted.fr/items/9970429321-yaourtiere-tefal
Maison › Petits appareils de cuisine,15,32.6,28,0.86,3.0,Lipton,Neuf sans étiquette,Cafetière/ théière à piston,https://www.vinted.fr/items/9970281452-cafetiere-theiere-a-piston
Maison › Animaux,1,102.8,74,0.72,42.0,Jellycat,Neuf avec étiquette,Jellycat dragon,https://www.vinted.fr/items/9972467519-jellycat-dragon
Maison › Animaux,2,96.0,48,0.46,35.0,Vertbaudet,Neuf sans étiquette,Sac transport chien,https://www.vinted.fr/items/9977623801-sac-transport-chien
Maison › Animaux,3,79.2,118,1.49,45.0,Dastium Pets,Neuf sans étiquette,Hele mooie hondenmand om mee te reizen,https://www.vinted.fr/items/9965710181-hele-mooie-hondenmand-om-mee-te-reizen
Maison › Animaux,4,70.4,38,0.54,20.0,Zara Home,Très bon état,Panier chat Zara home,https://www.vinted.fr/items/9975983558-panier-chat-zara-home
Maison › Animaux,5,63.0,46,0.73,10.0,Canyon,Neuf sans étiquette,Canyon Umhängetasche + rolltop Beutel,https://www.vinted.fr/items/9972235854-canyon-umhangetasche-rolltop-beutel
Maison › Animaux,6,60.6,43,0.71,55.0,CAT,Très bon état,🐱 Arbre à chat design en bois – NEUF 🤎,https://www.vinted.fr/items/9972682648-arbre-a-chat-design-en-bois-neuf
Maison › Animaux,7,60.0,30,0.44,18.0,Jellycat,Neuf avec étiquette,Jellycat,https://www.vinted.fr/items/9977988356-jellycat
Maison › Animaux,8,56.5,35,0.62,7.0,sans marque,Neuf sans étiquette,Coussin pour animaux neuf,https://www.vinted.fr/items/9974362437-coussin-pour-animaux-neuf
Maison › Animaux,9,50.0,25,0.28,2.0,Littlest Pet Shop,Très bon état,Littlest Petshop biche,https://www.vinted.fr/items/9980068202-littlest-petshop-biche
Maison › Animaux,10,48.1,26,0.54,15.0,Accessoires,Neuf sans étiquette,Fontaine à eau pour chats ou chiens,https://www.vinted.fr/items/9976021394-fontaine-a-eau-pour-chats-ou-chiens
Maison › Animaux,11,48.0,71,1.48,20.0,KONG,Neuf avec étiquette,Lot de 3 kong,https://www.vinted.fr/items/9965847541-lot-de-3-kong
Maison › Animaux,12,47.1,32,0.68,10.0,Zooplus,Très bon état,Panier coussin  chat / chien,https://www.vinted.fr/items/9973116972-panier-coussin-chat-chien
Maison › Animaux,13,44.0,22,0.48,17.0,Jellycat,Neuf avec étiquette,Jellycat,https://www.vinted.fr/items/9977268473-jellycat
Maison › Animaux,14,43.2,70,1.62,5.0,Petshop,Très bon état,"Petshop, à vendre à l’unité ou par lot",https://www.vinted.fr/items/9963503047-petshop-a-vendre-a-lunite-ou-par-lot
Maison › Animaux,15,36.0,18,0.48,18.0,Jellycat,Neuf avec étiquette,Jellycat,https://www.vinted.fr/items/9977238935-jellycat
Électronique › Produits de beauté et de soins personnels,1,101.5,134,1.32,40.0,Philips,Très bon état,Epilateur a lumiere pulsée,https://www.vinted.fr/items/9968164768-epilateur-a-lumiere-pulsee
Électronique › Produits de beauté et de soins personnels,2,75.6,65,0.86,5.0,Remington,Satisfaisant,Seche cheveux Remington pro luxe,https://www.vinted.fr/items/9970304725-seche-cheveux-remington-pro-luxe
Électronique › Produits de beauté et de soins personnels,3,71.2,94,1.32,299.99,Dyson,Très bon état,Dyson Airwrap i.d,https://www.vinted.fr/items/9968256088-dyson-airwrap-id
Électronique › Produits de beauté et de soins personnels,4,67.3,37,0.55,4.0,Shein,Très bon état,sèche cheveux,https://www.vinted.fr/items/9975889041-seche-cheveux
Électronique › Produits de beauté et de soins personnels,5,64.1,41,0.64,18.0,Philips,Neuf avec étiquette,Philips OneBlade 1st shave,https://www.vinted.fr/items/9974024895-philips-oneblade-1st-shave
Électronique › Produits de beauté et de soins personnels,6,58.0,29,0.23,90.0,SHARK,Neuf avec étiquette,Sèche cheveux - multifonction 5 en 1,https://www.vinted.fr/items/9972643111-seche-cheveux-multifonction-5-en-1
Électronique › Produits de beauté et de soins personnels,7,52.8,38,0.72,5.0,Nature & Decouvertes,Neuf sans étiquette,Neuf - Réflexologie,https://www.vinted.fr/items/9971779875-neuf-reflexologie
Électronique › Produits de beauté et de soins personnels,8,48.7,38,0.78,45.0,Braun,Neuf avec étiquette,Épilateur électrique - utilisé 2 fois- nettoyé,https://www.vinted.fr/items/9971432533-epilateur-electrique-utilise-2-fois-nettoye
Électronique › Produits de beauté et de soins personnels,9,47.8,33,0.69,75.0,Oral-B,Neuf avec étiquette,Toothbrush Oral-B iO 5s,https://www.vinted.fr/items/9972946010-toothbrush-oral-b-io-5s
Électronique › Produits de beauté et de soins personnels,10,45.6,26,0.57,15.0,Magnetinnov,Neuf sans étiquette,Masque relaxant yeux,https://www.vinted.fr/items/9975309152-masque-relaxant-yeux
Électronique › Produits de beauté et de soins personnels,11,44.0,22,0.42,5.0,BaByliss,Très bon état,Brosse soufflante,https://www.vinted.fr/items/9978295885-brosse-soufflante
Électronique › Produits de beauté et de soins personnels,12,43.7,31,0.71,18.0,ELLE,Très bon état,"Styler Multifunzione 6 in 1 - Asciugacapelli, Spazzola, Arricciacapelli - Come nuovo",https://www.vinted.fr/items/9951958934-styler-multifunzione-6-in-1-asciugacapelli-spazzola-arricciacapelli-come-nuovo
Électronique › Produits de beauté et de soins personnels,13,42.5,34,0.8,4.0,ELLE,Très bon état,Brosse,https://www.vinted.fr/items/9970978720-brosse
Électronique › Produits de beauté et de soins personnels,14,41.7,58,1.39,65.0,GHD,Très bon état,Boucleur GHD,https://www.vinted.fr/items/9967305770-boucleur-ghd
Électronique › Produits de beauté et de soins personnels,15,40.6,28,0.69,85.0,Steampod,Très bon état,Steampod 3 (parfait état),https://www.vinted.fr/items/9972937356-steampod-3-parfait-etat
Sport › Cyclisme,1,97.4,147,1.51,14.0,Spiderman,Très bon état,Vélo enfant,https://www.vinted.fr/items/9965436035-velo-enfant
Sport › Cyclisme,2,78.0,39,0.47,20.0,Van Rysel,Très bon état,Casque vélo de route Van Rysel,https://www.vinted.fr/items/9977392548-casque-velo-de-route-van-rysel
Sport › Cyclisme,3,67.2,43,0.64,10.0,Cairn,Très bon état,Casque de vélo cairn,https://www.vinted.fr/items/9974016907-casque-de-velo-cairn
Sport › Cyclisme,4,55.6,35,0.63,35.0,Wiltec,Neuf avec étiquette,Support de vélo au sol WILTEC,https://www.vinted.fr/items/9974239795-support-de-velo-au-sol-wiltec
Sport › Cyclisme,5,54.4,80,1.47,60.0,Pirelli,Très bon état,2×Cubierta Pirelli P Zero Race Classic,https://www.vinted.fr/items/9966070007-2xcubierta-pirelli-p-zero-race-classic
Sport › Cyclisme,6,50.0,37,0.74,30.0,Lezyne,Neuf avec étiquette,Pince multi outils velo,https://www.vinted.fr/items/9972057439-pince-multi-outils-velo
Sport › Cyclisme,7,48.3,28,0.58,10.0,B'Twin,Très bon état,Panier vélo,https://www.vinted.fr/items/9975181149-panier-velo
Sport › Cyclisme,8,45.0,36,0.8,12.0,Decathlon,Neuf sans étiquette,Panier velo,https://www.vinted.fr/items/9971077421-panier-velo
Sport › Cyclisme,9,40.0,60,1.5,5.0,Spiderman,Neuf sans étiquette,Casco niño,https://www.vinted.fr/items/9965593236-casco-nino
Sport › Cyclisme,10,36.0,18,0.48,20.0,Yamaha,Satisfaisant,Top case Yamaha,https://www.vinted.fr/items/9977275778-top-case-yamaha
Sport › Cyclisme,11,34.0,17,0.47,17.0,Amazon,Neuf avec étiquette,Support vélo Rockbros Amazon,https://www.vinted.fr/items/9926828818-support-velo-rockbros-amazon
Sport › Cyclisme,12,33.2,93,2.8,20.0,Liewood,Très bon état,Casque vélo liewood,https://www.vinted.fr/items/9950317661-casque-velo-liewood
Sport › Cyclisme,13,32.0,16,0.38,10.0,LOOK,Neuf avec étiquette,Cales look képi grip,https://www.vinted.fr/items/9973476005-cales-look-kepi-grip
Sport › Cyclisme,14,32.0,16,0.43,25.0,Van Rysel,Neuf sans étiquette,Casque de vélo de route - taille M,https://www.vinted.fr/items/9977592298-casque-de-velo-de-route-taille-m
Sport › Cyclisme,15,30.5,18,0.59,50.0,PETZL,Neuf sans étiquette,Casque léger d’escalade et d'alpinisme,https://www.vinted.fr/items/9975057584-casque-leger-descalade-et-dalpinisme
Sport › Boxe et arts martiaux,1,94.1,48,0.51,20.0,Venum,Très bon état,MMA Gants de sparring,https://www.vinted.fr/items/9976656658-mma-gants-de-sparring
Sport › Boxe et arts martiaux,2,39.4,26,0.66,16.0,adidas,Très bon état,Magnifique gant adidas 8 oZ comme neuf et son protège dent neuf,https://www.vinted.fr/items/9973564960-magnifique-gant-adidas-8-oz-comme-neuf-et-son-protege-dent-neuf
Sport › Boxe et arts martiaux,3,38.9,21,0.54,10.0,Venum,Satisfaisant,Gants de boxe 14oz VENUM,https://www.vinted.fr/items/9970044690-gants-de-boxe-14oz-venum
Sport › Boxe et arts martiaux,4,36.2,21,0.58,22.0,Venum,Très bon état,Para tibie M VENUM,https://www.vinted.fr/items/9975142902-para-tibie-m-venum
Sport › Boxe et arts martiaux,5,36.0,18,0.43,30.0,Venum,Neuf sans étiquette,Venum challenger MMA noir matte/black,https://www.vinted.fr/items/9760204793-venum-challenger-mma-noir-matteblack
Sport › Boxe et arts martiaux,6,31.0,26,0.84,12.0,adidas,Très bon état,Lot boxe,https://www.vinted.fr/items/9970468536-lot-boxe
Sport › Boxe et arts martiaux,7,30.0,15,0.48,13.0,Venum,Neuf sans étiquette,Venum Challenger 2.0 Boxhandschuhe 10oz,https://www.vinted.fr/items/9977318529-venum-challenger-20-boxhandschuhe-10oz
Sport › Boxe et arts martiaux,8,26.5,22,0.83,40.0,adidas,Très bon état,Chaussures de boxe anglaise,https://www.vinted.fr/items/9970574147-chaussures-de-boxe-anglaise
Sport › Boxe et arts martiaux,9,26.0,13,0.46,2.0,Metal Boxe,Satisfaisant,Gants de boxe enfant 4oz,https://www.vinted.fr/items/9977669640-gants-de-boxe-enfant-4oz
Sport › Boxe et arts martiaux,10,26.0,13,0.29,30.0,Venum,Très bon état,Ensemble de boxe venum,https://www.vinted.fr/items/9980000551-ensemble-de-boxe-venum
Sport › Boxe et arts martiaux,11,25.8,17,0.66,8.0,Metal Boxe,Neuf sans étiquette,Protège tibia neufs,https://www.vinted.fr/items/9973592388-protege-tibia-neufs
Sport › Boxe et arts martiaux,12,25.0,15,0.6,25.0,Vector,Très bon état,Kimono JJB taille adulte,https://www.vinted.fr/items/9974740517-kimono-jjb-taille-adulte
Sport › Boxe et arts martiaux,13,22.0,11,0.39,13.0,Decathlon,Très bon état,Lot accessoires boxe enfant,https://www.vinted.fr/items/9971830922-lot-accessoires-boxe-enfant
Sport › Boxe et arts martiaux,14,22.0,11,0.42,20.0,Venum,Très bon état,Gants de boxe,https://www.vinted.fr/items/9978262446-gants-de-boxe
Sport › Boxe et arts martiaux,15,21.5,31,1.44,12.8,Venum,Neuf sans étiquette,Gants venum enfant,https://www.vinted.fr/items/9966668438-gants-venum-enfant
Sport › Skateboards et trottinettes,1,88.0,44,0.34,20.0,Oxelo,Très bon état,Skateboard Oxelo – Design graffiti noir & blanc,https://www.vinted.fr/items/9946260003-skateboard-oxelo-design-graffiti-noir-blanc
Sport › Skateboards et trottinettes,2,34.0,17,0.5,15.0,S One,Très bon état,Casque à paillettes S1,https://www.vinted.fr/items/9976829868-casque-a-paillettes-s1
Sport › Skateboards et trottinettes,3,31.1,165,5.31,200.0,KuKirin,Bon état,Kukirin g2,https://www.vinted.fr/items/9926325904-kukirin-g2
Sport › Skateboards et trottinettes,4,29.0,54,1.86,24.0,,Bon état,Tavola skateboard Element 8.38” (pacco già pronto per spedizione!),https://www.vinted.fr/items/9782840014-tavola-skateboard-element-838-pacco-gia-pronto-per-spedizione
Sport › Skateboards et trottinettes,5,27.2,171,6.29,400.01,KuKirin,Neuf avec étiquette,Elektrische step KuKirin G2,https://www.vinted.fr/items/9915529940-elektrische-step-kukirin-g2
Sport › Skateboards et trottinettes,6,23.0,14,0.61,100.0,hook ups,Très bon état,Jeremy klein skateboard 2005/2006 hook-ups vintage rare hookups,https://www.vinted.fr/items/9916987221-jeremy-klein-skateboard-20052006-hook-ups-vintage-rare-hookups
Sport › Skateboards et trottinettes,7,21.6,32,1.48,40.0,DGK,Très bon état,"Dgk skateboard 8"" mit Achsen",https://www.vinted.fr/items/9965863605-dgk-skateboard-8-mit-achsen
Sport › Skateboards et trottinettes,8,20.3,38,1.87,30.0,Globber,Très bon état,Trottinette enfant évolutive Globber,https://www.vinted.fr/items/9960056495-trottinette-enfant-evolutive-globber
Sport › Skateboards et trottinettes,9,17.9,15,0.84,1.0,LILOO PIRATE,Très bon état,"Protection rouler enfant taille 1, les touts petits 3 ans",https://www.vinted.fr/items/9970482447-protection-rouler-enfant-taille-1-les-touts-petits-3-ans
Sport › Skateboards et trottinettes,10,16.0,8,0.43,40.0,Globber,Très bon état,Globber marque oxibul avec carton,https://www.vinted.fr/items/9978092125-globber-marque-oxibul-avec-carton
Sport › Skateboards et trottinettes,11,15.6,12,0.77,12.0,Dainese,Très bon état,Dorsale enfant,https://www.vinted.fr/items/9971524151-dorsale-enfant
Sport › Skateboards et trottinettes,12,15.5,9,0.58,10.0,Workshop,Satisfaisant,Protection moto,https://www.vinted.fr/items/9975120600-protection-moto
Sport › Skateboards et trottinettes,13,14.2,25,1.76,35.0,Decathlon,Très bon état,Surfskate Decathlon,https://www.vinted.fr/items/9961348366-surfskate-decathlon
Sport › Skateboards et trottinettes,14,13.3,8,0.6,10.0,Globber,Satisfaisant,Globber 3 in 1 step,https://www.vinted.fr/items/9952905096-globber-3-in-1-step
Sport › Skateboards et trottinettes,15,11.8,9,0.76,5.0,Decathlon,Très bon état,Set protection,https://www.vinted.fr/items/9971704863-set-protection
Sport › Sports d'hiver,1,84.8,56,0.66,20.0,Oakley,Très bon état,Lunette de cross,https://www.vinted.fr/items/9973480708-lunette-de-cross
Sport › Sports d'hiver,2,57.7,41,0.71,23.0,Sagester,Très bon état,Sagester Oberteil z.B. fürs Eiskunstlaufen,https://www.vinted.fr/items/9913740826-sagester-oberteil-zb-furs-eiskunstlaufen
Sport › Sports d'hiver,3,44.0,22,0.47,7.0,Roxy,Très bon état,Lunettes ski enfant f,https://www.vinted.fr/items/9971090964-lunettes-ski-enfant-f
Sport › Sports d'hiver,4,42.2,27,0.64,20.0,Cairn,Très bon état,Casque et masque de ski,https://www.vinted.fr/items/9973916255-casque-et-masque-de-ski
Sport › Sports d'hiver,5,40.0,20,0.38,5.0,Wed'ze,Très bon état,Casque ski enfant + masque,https://www.vinted.fr/items/9978905845-casque-ski-enfant-masque
Sport › Sports d'hiver,6,34.0,17,0.35,7.0,Ortovox,Bon état,Pelle ortovox  pour avalanche,https://www.vinted.fr/items/9979381707-pelle-ortovox-pour-avalanche
Sport › Sports d'hiver,7,31.4,27,0.86,6.0,Wed'ze,Neuf sans étiquette,Casque de ski,https://www.vinted.fr/items/9970284208-casque-de-ski
Sport › Sports d'hiver,8,30.4,21,0.69,17.0,100%,Bon état,100% Ski/Crossbrille,https://www.vinted.fr/items/9954447258-100-skicrossbrille
Sport › Sports d'hiver,9,29.7,27,0.91,34.9,Wed'ze,Très bon état,Casque ski avec visière,https://www.vinted.fr/items/9969890446-casque-ski-avec-visiere
Sport › Sports d'hiver,10,28.8,17,0.59,18.0,Bauer,Très bon état,Plastron Bauer taille YTH Large,https://www.vinted.fr/items/9922460831-plastron-bauer-taille-yth-large
Sport › Sports d'hiver,11,28.6,22,0.77,10.0,Wed'ze,Très bon état,Masque de ski s3 sur wedse taille s,https://www.vinted.fr/items/9971490150-masque-de-ski-s3-sur-wedse-taille-s
Sport › Sports d'hiver,12,28.0,123,4.4,50.0,Rossignol,Bon état,Skis toutes tailles,https://www.vinted.fr/items/9934762599-skis-toutes-tailles
Sport › Sports d'hiver,13,26.9,14,0.52,12.0,100%,Très bon état,lunette de moto,https://www.vinted.fr/items/9976556214-lunette-de-moto
Sport › Sports d'hiver,14,24.7,18,0.73,10.0,Crivit,Neuf sans étiquette,Masque de ski / snowboard enfant – Neuf avec boîte,https://www.vinted.fr/items/9972203105-masque-de-ski-snowboard-enfant-neuf-avec-boite
Sport › Sports d'hiver,15,22.0,11,0.14,80.0,Salomon,Très bon état,Ski Helm,https://www.vinted.fr/items/9943356535-ski-helm
Loisirs et collections › Accessoires de jeux,1,84.6,55,0.65,10.0,Rockstar Games,Neuf sans étiquette,Porte clé - Red dead rédemption 2,https://www.vinted.fr/items/9954458899-porte-cle-red-dead-redemption-2
Loisirs et collections › Accessoires de jeux,2,82.1,55,0.67,12.0,OnePiece,Très bon état,Insert mini Tin One Piece Card Game,https://www.vinted.fr/items/9973335592-insert-mini-tin-one-piece-card-game
Loisirs et collections › Accessoires de jeux,3,58.6,51,0.87,4.9,Jordan,Très bon état,Chaussure Jordan miniature,https://www.vinted.fr/items/9970214030-chaussure-jordan-miniature
Loisirs et collections › Accessoires de jeux,4,50.0,25,0.42,25.0,strike industries,Très bon état,Strike industries,https://www.vinted.fr/items/9978396871-strike-industries
Loisirs et collections › Accessoires de jeux,5,48.0,36,0.75,10.0,McDonald's,Neuf sans étiquette,Pièce collector McDonald's Super Mario Galaxy Le Film 2026 – Neuve + coffret,https://www.vinted.fr/items/9971837798-piece-collector-mcdonalds-super-mario-galaxy-le-film-2026-neuve-coffret
Loisirs et collections › Accessoires de jeux,6,42.0,21,0.41,15.0,Pokémon,Très bon état,Pokémon Cubone Skull ornament,https://www.vinted.fr/items/9978404985-pokemon-cubone-skull-ornament
Loisirs et collections › Accessoires de jeux,7,40.0,20,0.48,15.0,Nintendo,Neuf sans étiquette,Plaque décorative Zelda pour dock switch 2,https://www.vinted.fr/items/9977233643-plaque-decorative-zelda-pour-dock-switch-2
Loisirs et collections › Accessoires de jeux,8,30.5,40,1.31,40.0,Harry Potter,Neuf sans étiquette,Replica torta di zia Petunia in Harry Potter e la Camera dei Segreti,https://www.vinted.fr/items/9925571577-replica-torta-di-zia-petunia-in-harry-potter-e-la-camera-dei-segreti
Loisirs et collections › Accessoires de jeux,9,30.0,15,0.44,50.0,Tamiya,Neuf sans étiquette,Tamiya tt02,https://www.vinted.fr/items/9977979755-tamiya-tt02
Loisirs et collections › Accessoires de jeux,10,29.9,60,2.01,20.0,Lot de 30 dés à jouer en coquillage effet perle ne,Neuf sans étiquette,Lot de 30 dés à jouer en coquillage effet perle neuf,https://www.vinted.fr/items/9959457194-lot-de-30-des-a-jouer-en-coquillage-effet-perle-neuf
Loisirs et collections › Accessoires de jeux,11,26.5,22,0.83,20.0,Accessoires,Très bon état,Set poker hold'em 2 paquets de cartes 1 dealer 1 big blind 1 small blind et des,https://www.vinted.fr/items/9970646901-set-poker-holdem-2-paquets-de-cartes-1-dealer-1-big-blind-1-small-blind-et-des
Loisirs et collections › Accessoires de jeux,12,23.5,36,1.53,7.0,Xbox,Neuf sans étiquette,Support manette Xbox – impression 3D – noir,https://www.vinted.fr/items/9965091728-support-manette-xbox-impression-3d-noir
Loisirs et collections › Accessoires de jeux,13,22.3,61,2.73,12.5,Lovense,Neuf sans étiquette,Paddle,https://www.vinted.fr/items/9951258928-paddle
Loisirs et collections › Accessoires de jeux,14,22.1,36,1.63,15.0,Chessex,Très bon état,Lot de 4 boîtes de dés polyédriques Chessex,https://www.vinted.fr/items/9963324475-lot-de-4-boites-de-des-polyedriques-chessex
Loisirs et collections › Accessoires de jeux,15,20.0,10,0.44,22.0,Accessoires,Très bon état,Poker set,https://www.vinted.fr/items/9959729516-poker-set
Électronique › TV et home cinema,1,83.9,203,2.42,40.0,Philips,Très bon état,Lecteur dvd portable,https://www.vinted.fr/items/9879871255-lecteur-dvd-portable
Électronique › TV et home cinema,2,50.0,28,0.56,30.0,Amazon,Très bon état,Fire tv stick,https://www.vinted.fr/items/9975550787-fire-tv-stick
Électronique › TV et home cinema,3,42.4,36,0.85,89.0,Google,Neuf avec étiquette,Google TV Streamer,https://www.vinted.fr/items/9970331134-google-tv-streamer
Électronique › TV et home cinema,4,42.0,21,0.43,25.0,Magcubic,Neuf sans étiquette,Vidéoprojecteur portable Magcubic HD 720p Bluetooth,https://www.vinted.fr/items/9978201053-videoprojecteur-portable-magcubic-hd-720p-bluetooth
Électronique › TV et home cinema,5,38.5,20,0.52,10.0,Brandt,Bon état,Lecteurs DVD portable,https://www.vinted.fr/items/9976433648-lecteurs-dvd-portable
Électronique › TV et home cinema,6,38.0,19,0.25,80.0,TCL,Très bon état,TV TCL Smart TV 32 pouces 81 cm,https://www.vinted.fr/items/9973349717-tv-tcl-smart-tv-32-pouces-81-cm
Électronique › TV et home cinema,7,30.6,26,0.85,15.0,Samsung,Très bon état,Télécommande solaire noire,https://www.vinted.fr/items/9970402820-telecommande-solaire-noire
Électronique › TV et home cinema,8,30.0,15,0.45,40.0,Takara,Neuf avec étiquette,Lecteur dvd portable,https://www.vinted.fr/items/9977853536-lecteur-dvd-portable
Électronique › TV et home cinema,9,29.7,70,2.36,10.0,Essentiel,Bon état,Lecteur DVD de voiture portable,https://www.vinted.fr/items/9957421285-lecteur-dvd-de-voiture-portable
Électronique › TV et home cinema,10,28.3,15,0.53,60.0,Apple,Très bon état,"Apple TV, HD",https://www.vinted.fr/items/9976281788-apple-tv-hd
Électronique › TV et home cinema,11,26.0,13,0.42,30.0,Amazon,Neuf sans étiquette,Clé fire stick select,https://www.vinted.fr/items/9978337483-cle-fire-stick-select
Électronique › TV et home cinema,12,24.1,19,0.79,15.0,x96 mini,Très bon état,Smart TV box,https://www.vinted.fr/items/9971251973-smart-tv-box
Électronique › TV et home cinema,13,24.0,12,0.39,25.0,Amazon,Neuf sans étiquette,Amazon Fire TV Stick,https://www.vinted.fr/items/9978786029-amazon-fire-tv-stick
Électronique › TV et home cinema,14,23.7,68,2.87,10.0,Sogo,Bon état,DVD portátil,https://www.vinted.fr/items/9949445702-dvd-portatil
Électronique › TV et home cinema,15,23.1,12,0.52,50.0,Philips,Neuf avec étiquette,Projecteur - Neopix 140 - Philips,https://www.vinted.fr/items/9976446212-projecteur-neopix-140-philips
Sport › Sports et jeux de loisir,1,83.0,44,0.53,10.0,DIANA,Neuf sans étiquette,Vendo freccette elettrico,https://www.vinted.fr/items/9976200514-vendo-freccette-elettrico
Sport › Sports et jeux de loisir,2,34.0,17,0.38,9.5,Game,Neuf avec étiquette,NOVO| Jogo de setas novo,https://www.vinted.fr/items/9978869321-novo-jogo-de-setas-novo
Sport › Sports et jeux de loisir,3,30.0,15,0.41,4.0,,Satisfaisant,Boules de pétanque,https://www.vinted.fr/items/9944512516-boules-de-petanque
Sport › Sports et jeux de loisir,4,27.9,24,0.86,55.0,obut,Très bon état,boules de petanque geologique 72 690,https://www.vinted.fr/items/9970297250-boules-de-petanque-geologique-72-690
Sport › Sports et jeux de loisir,5,24.0,12,0.37,5.0,Ideen Welt,Très bon état,Dartscheibe,https://www.vinted.fr/items/9979019249-dartscheibe
Sport › Sports et jeux de loisir,6,21.6,11,0.51,140.0,obut,Très bon état,Boules de pétanque OBUT Rcx,https://www.vinted.fr/items/9976718940-boules-de-petanque-obut-rcx
Sport › Sports et jeux de loisir,7,21.5,14,0.65,80.0,Target,Neuf sans étiquette,‘Rising sun’ Haruki Muramatsu G9 23 gram darts (95% tungsten) Target Japan,https://www.vinted.fr/items/9809892042-rising-sun-haruki-muramatsu-g9-23-gram-darts-95-tungsten-target-japan
Sport › Sports et jeux de loisir,8,20.0,10,0.42,10.0,,Très bon état,Jeux de fléchettes electrique,https://www.vinted.fr/items/9978275424-jeux-de-flechettes-electrique
Sport › Sports et jeux de loisir,9,20.0,11,0.55,20.0,,Très bon état,Jeu de fléchettes électronique,https://www.vinted.fr/items/9965372239-jeu-de-flechettes-electronique
Sport › Sports et jeux de loisir,10,19.0,12,0.63,65.0,obut,Très bon état,Boule jb 745,https://www.vinted.fr/items/9974198952-boule-jb-745
Sport › Sports et jeux de loisir,11,16.1,9,0.56,15.0,Twister,Bon état,Bowlingkegel,https://www.vinted.fr/items/9975689412-bowlingkegel
Sport › Sports et jeux de loisir,12,14.4,35,2.43,60.0,Harrows,Très bon état,Ryan Searle 22 gram,https://www.vinted.fr/items/9171570601-ryan-searle-22-gram
Sport › Sports et jeux de loisir,13,13.2,7,0.53,4.0,,Neuf sans étiquette,Jeux de fléchettes et cible,https://www.vinted.fr/items/9976313765-jeux-de-flechettes-et-cible
Sport › Sports et jeux de loisir,14,12.9,11,0.85,65.0,obut,Bon état,boules de petanque obut pro 700 74,https://www.vinted.fr/items/9970424812-boules-de-petanque-obut-pro-700-74
Sport › Sports et jeux de loisir,15,11.8,14,1.19,42.0,red dragon,Neuf sans étiquette,Fléchettes RedDragon sable,https://www.vinted.fr/items/9969060675-flechettes-reddragon-sable
Enfants › Autres articles pour bébé et enfant,1,72.0,36,0.39,13.0,Vertbaudet,Très bon état,Couffin souple gris,https://www.vinted.fr/items/9962612830-couffin-souple-gris
Enfants › Autres articles pour bébé et enfant,2,38.3,93,2.43,70.0,Babymoov,Très bon état,Balançoire électrique Babymoov Swoon Motion Terracotta,https://www.vinted.fr/items/9956392139-balancoire-electrique-babymoov-swoon-motion-terracotta
Enfants › Autres articles pour bébé et enfant,3,28.7,49,1.71,15.0,GRIMM'S,Très bon état,Grimm's Geburtstagsring Kerzen blau Geburtstag Grimms,https://www.vinted.fr/items/9962130789-grimms-geburtstagsring-kerzen-blau-geburtstag-grimms
Enfants › Autres articles pour bébé et enfant,4,18.0,11,0.61,40.0,adidas,Neuf avec étiquette,ADIDAS,https://www.vinted.fr/items/9798143953-adidas
Enfants › Autres articles pour bébé et enfant,5,17.8,33,1.85,5.0,Bluey,Très bon état,Chaise bluey,https://www.vinted.fr/items/9952421221-chaise-bluey
Enfants › Autres articles pour bébé et enfant,6,14.3,8,0.56,4.0,Carrick,Satisfaisant,Boucle pour ceinturon scout,https://www.vinted.fr/items/9975544620-boucle-pour-ceinturon-scout
Enfants › Autres articles pour bébé et enfant,7,14.2,22,1.55,1.0,,Très bon état,Livre enfant📚,https://www.vinted.fr/items/9964684010-livre-enfant
Enfants › Autres articles pour bébé et enfant,8,14.0,7,0.49,6.0,Squishy,Neuf avec étiquette,Squishy Paillettes,https://www.vinted.fr/items/9977032775-squishy-paillettes
Enfants › Autres articles pour bébé et enfant,9,12.7,23,1.81,5.0,,Très bon état,Tapis fleur,https://www.vinted.fr/items/9960753271-tapis-fleur
Enfants › Autres articles pour bébé et enfant,10,10.6,30,2.82,12.0,,Bon état,Lot de billes et boulets,https://www.vinted.fr/items/9950003823-lot-de-billes-et-boulets
Enfants › Autres articles pour bébé et enfant,11,10.3,7,0.68,3.0,,Très bon état,Livres musicaux,https://www.vinted.fr/items/9973226074-livres-musicaux
Enfants › Autres articles pour bébé et enfant,12,10.0,5,0.47,8.0,Kiabi,Neuf avec étiquette,Langes neufs,https://www.vinted.fr/items/9977435021-langes-neufs
Enfants › Autres articles pour bébé et enfant,13,10.0,7,0.7,20.0,Tonies,Très bon état,Tonie Winnie Puuh,https://www.vinted.fr/items/9972847657-tonie-winnie-puuh
Enfants › Autres articles pour bébé et enfant,14,10.0,5,0.45,15.0,Blue Lock,Neuf sans étiquette,Sac bluelock,https://www.vinted.fr/items/9977820269-sac-bluelock
Enfants › Autres articles pour bébé et enfant,15,9.3,7,0.75,29.0,Babybjörn,Très bon état,Arche BabyBjörn,https://www.vinted.fr/items/9970840774-arche-babybjorn
Sport › Sports de raquette,1,63.9,53,0.83,15.0,Dunlop,Satisfaisant,Vend 1 raquette dunlop Maxfly bois,https://www.vinted.fr/items/9970575405-vend-1-raquette-dunlop-maxfly-bois
Sport › Sports de raquette,2,60.0,30,0.39,74.99,Wilson,Très bon état,Raquette de padel Wilson,https://www.vinted.fr/items/9963457111-raquette-de-padel-wilson
Sport › Sports de raquette,3,34.8,23,0.66,25.0,Yonex,Neuf sans étiquette,Raquette de badminton 🏸,https://www.vinted.fr/items/9973577417-raquette-de-badminton
Sport › Sports de raquette,4,30.0,15,0.44,49.9,Wilson,Très bon état,Borsone Wilson Tour 15 racchette,https://www.vinted.fr/items/9977930180-borsone-wilson-tour-15-racchette
Sport › Sports de raquette,5,26.9,14,0.52,15.0,Wilson,Neuf sans étiquette,Raquette de tennis,https://www.vinted.fr/items/9976457877-raquette-de-tennis
Sport › Sports de raquette,6,26.5,22,0.83,12.0,Kuikma,Bon état,Raquette de paddle kuikma,https://www.vinted.fr/items/9970689805-raquette-de-paddle-kuikma
Sport › Sports de raquette,7,24.0,12,0.49,75.0,Wilson,Très bon état,Raquette Wilson shift,https://www.vinted.fr/items/9976973556-raquette-wilson-shift
Sport › Sports de raquette,8,24.0,12,0.46,100.0,Technifibre,Très bon état,Raquette Technifibre T-Fight 285g Manche 2,https://www.vinted.fr/items/9977428100-raquette-technifibre-t-fight-285g-manche-2
Sport › Sports de raquette,9,22.6,14,0.62,100.0,Head,Neuf sans étiquette,Head extreme pro 2026 a estrenar,https://www.vinted.fr/items/9974458982-head-extreme-pro-2026-a-estrenar
Sport › Sports de raquette,10,22.2,12,0.54,50.0,Head,Neuf avec étiquette,raquette de padel head adulte,https://www.vinted.fr/items/9956326724-raquette-de-padel-head-adulte
Sport › Sports de raquette,11,22.0,11,0.5,80.0,Head,Très bon état,Head Lynx Tour 1.25,https://www.vinted.fr/items/9976927123-head-lynx-tour-125
Sport › Sports de raquette,12,21.1,15,0.71,50.0,NOX,Très bon état,Pala pádel NOX AT10 12k,https://www.vinted.fr/items/9972620676-pala-padel-nox-at10-12k
Sport › Sports de raquette,13,18.5,17,0.92,15.0,Dunlop,Neuf sans étiquette,Diversi Racchetti da Tennis | Leggi la descrizione,https://www.vinted.fr/items/9969813122-diversi-racchetti-da-tennis-leggi-la-descrizione
Sport › Sports de raquette,14,17.9,12,0.67,60.0,Wilson,Bon état,Wilson Pro Staff,https://www.vinted.fr/items/9973363218-wilson-pro-staff
Sport › Sports de raquette,15,17.6,13,0.74,18.0,Babolat,Très bon état,sac de badminton babolat,https://www.vinted.fr/items/9845001480-sac-de-badminton-babolat
Hommes › Soins,1,62.0,31,0.43,45.0,Prada,Neuf avec étiquette,Prada Paradoxe,https://www.vinted.fr/items/9978200204-prada-paradoxe
Hommes › Soins,2,52.3,46,0.88,48.0,Narciso Rodriguez,Neuf avec étiquette,Pure Musc 100ml,https://www.vinted.fr/items/9970091445-pure-musc-100ml
Hommes › Soins,3,42.0,21,0.48,39.0,Paco Rabanne,Neuf avec étiquette,Parfum Invictus Paco Rabanne,https://www.vinted.fr/items/9977292188-parfum-invictus-paco-rabanne
Hommes › Soins,4,30.0,15,0.32,105.0,Louis Vuitton,Neuf avec étiquette,Louis Vuitton Imagination 100 ML neu mit Rechnung,https://www.vinted.fr/items/9979736078-louis-vuitton-imagination-100-ml-neu-mit-rechnung
Hommes › Soins,5,29.4,15,0.51,38.0,Mugler,Neuf avec étiquette,Mugler Angel Elixir 100ml,https://www.vinted.fr/items/9976639430-mugler-angel-elixir-100ml
Hommes › Soins,6,24.7,18,0.73,49.0,Armani,Neuf avec étiquette,Stronger With You 100 ml,https://www.vinted.fr/items/9972296586-stronger-with-you-100-ml
Hommes › Soins,7,24.6,15,0.61,22.9,Dries van Noten,Neuf avec étiquette,Havana Gold 10ml spray.,https://www.vinted.fr/items/9974462082-havana-gold-10ml-spray
Hommes › Soins,8,24.0,12,0.35,25.0,Sephora,Neuf avec étiquette,Jolie coffret,https://www.vinted.fr/items/9967940877-jolie-coffret
Hommes › Soins,9,22.6,12,0.53,15.0,Hugo Boss,Neuf avec étiquette,Hugo energise,https://www.vinted.fr/items/9976213911-hugo-energise
Hommes › Soins,10,21.1,12,0.57,35.0,27 87,Neuf avec étiquette,Eau de Parfum 27 87 Discovery Set Neu Nischen Dufte Accessoires Beauty,https://www.vinted.fr/items/9972185447-eau-de-parfum-27-87-discovery-set-neu-nischen-dufte-accessoires-beauty
Hommes › Soins,11,21.1,12,0.57,185.0,Ex Nihilo,Neuf avec étiquette,Blue talisman edp ex nihilo 100ml neuf,https://www.vinted.fr/items/9975315927-blue-talisman-edp-ex-nihilo-100ml-neuf
Hommes › Soins,12,20.0,10,0.3,40.0,Yves Saint Laurent,Neuf avec étiquette,YSL nuit de l’homme,https://www.vinted.fr/items/9979864893-ysl-nuit-de-lhomme
Hommes › Soins,13,20.0,10,0.32,30.0,French Avenue,Neuf avec étiquette,Liquid brun french avenue 100 ml,https://www.vinted.fr/items/9979661928-liquid-brun-french-avenue-100-ml
Hommes › Soins,14,20.0,10,0.46,20.0,Musc Intime,Neuf avec étiquette,Musc intime brume,https://www.vinted.fr/items/9977606478-musc-intime-brume
Hommes › Soins,15,20.0,10,0.49,45.0,Emporio Armani,Neuf avec étiquette,Emporio Armani Stronger with you - Eau de toilette,https://www.vinted.fr/items/9976916255-emporio-armani-stronger-with-you-eau-de-toilette
Sport › Sports nautiques,1,59.4,85,1.43,32.0,Arena,Très bon état,Arena cobra ultra swipe mirror,https://www.vinted.fr/items/9966742220-arena-cobra-ultra-swipe-mirror
Sport › Sports nautiques,2,56.2,90,1.6,60.0,DEEPLY,Très bon état,Fato deeply usado umas 10x,https://www.vinted.fr/items/9963805178-fato-deeply-usado-umas-10x
Sport › Sports nautiques,3,47.6,39,0.82,17.0,Miu Miu,Neuf sans étiquette,Sunglasses miu miu,https://www.vinted.fr/items/9970781843-sunglasses-miu-miu
Sport › Sports nautiques,4,42.7,35,0.82,4.0,Decathlon,Très bon état,Combinaison de plongée 98/104cm décathlon,https://www.vinted.fr/items/9970785210-combinaison-de-plongee-98104cm-decathlon
Sport › Sports nautiques,5,40.0,26,0.65,50.0,Billabong,Neuf avec étiquette,"Shorty, Billabong, femme taille S",https://www.vinted.fr/items/9973783400-shorty-billabong-femme-taille-s
Sport › Sports nautiques,6,28.1,18,0.64,50.0,Orca,Très bon état,Combinaison Néoprène triathlon Orca TRN,https://www.vinted.fr/items/9973891124-combinaison-neoprene-triathlon-orca-trn
Sport › Sports nautiques,7,22.5,18,0.8,65.0,Arena,Neuf sans étiquette,lunette natation arena cobra edge mirror swipe,https://www.vinted.fr/items/9971040659-lunette-natation-arena-cobra-edge-mirror-swipe
Sport › Sports nautiques,8,22.4,13,0.58,125.0,Arena,Très bon état,Combinaison de natation Arena Powerskin,https://www.vinted.fr/items/9649416294-combinaison-de-natation-arena-powerskin
Sport › Sports nautiques,9,22.0,11,0.48,25.0,Beuchat,Très bon état,Beuchat Mundial One-50 – Palmes apnée / chasse sous-marine,https://www.vinted.fr/items/9977234631-beuchat-mundial-one-50-palmes-apnee-chasse-sous-marine
Sport › Sports nautiques,10,18.9,32,1.69,17.0,TYR,Neuf avec étiquette,Filet de natation TYR,https://www.vinted.fr/items/9962480974-filet-de-natation-tyr
Sport › Sports nautiques,11,17.1,14,0.82,130.0,polo Sub,Très bon état,Muta Polo Sub,https://www.vinted.fr/items/9882536455-muta-polo-sub
Sport › Sports nautiques,12,16.8,25,1.49,15.0,Decathlon,Neuf sans étiquette,Masque plongée,https://www.vinted.fr/items/9965753495-masque-plongee
Sport › Sports nautiques,13,15.7,87,5.53,80.0,Oxbow,Neuf avec étiquette,Body muta donna,https://www.vinted.fr/items/9922281363-body-muta-donna
Sport › Sports nautiques,14,14.8,12,0.81,10.0,Speedo,Neuf avec étiquette,Speedo zwembril,https://www.vinted.fr/items/9970891210-speedo-zwembril
Sport › Sports nautiques,15,14.3,10,0.7,45.0,Mambobaby,Neuf avec étiquette,Bouée Mambobaby Neuve,https://www.vinted.fr/items/9972742254-bouee-mambobaby-neuve
Enfants › Sécurité bébé et enfant,1,50.7,34,0.67,8.0,,Très bon état,Barrière sécurité,https://www.vinted.fr/items/9973414824-barriere-securite
Enfants › Sécurité bébé et enfant,2,49.4,78,1.58,1.25,Zeeman,Neuf avec étiquette,Waterproef sos armbandjes,https://www.vinted.fr/items/9964126215-waterproef-sos-armbandjes
Enfants › Sécurité bébé et enfant,3,39.3,33,0.84,11.0,,Très bon état,Cascos antiruido para bebes 2 en 1,https://www.vinted.fr/items/9950751954-cascos-antiruido-para-bebes-2-en-1
Enfants › Sécurité bébé et enfant,4,34.7,25,0.72,12.0,Safety 1st,Neuf sans étiquette,Barrière sécurité enfant,https://www.vinted.fr/items/9972465502-barriere-securite-enfant
Enfants › Sécurité bébé et enfant,5,23.6,13,0.55,9.0,Babylo,Neuf avec étiquette,Baby ear defenders,https://www.vinted.fr/items/9975715855-baby-ear-defenders
Enfants › Sécurité bébé et enfant,6,22.0,11,0.41,8.0,Safety 1st,Très bon état,Cancelletto ottime condizioni,https://www.vinted.fr/items/9978506708-cancelletto-ottime-condizioni
Enfants › Sécurité bébé et enfant,7,18.5,12,0.65,20.0,Vertbaudet,Très bon état,Barrière de lit en bois - naturel - Vertbaudet,https://www.vinted.fr/items/9973783615-barriere-de-lit-en-bois-naturel-vertbaudet
Enfants › Sécurité bébé et enfant,8,17.4,12,0.69,5.0,3M,Très bon état,Casque,https://www.vinted.fr/items/9972925781-casque
Enfants › Sécurité bébé et enfant,9,16.8,57,3.39,10.0,,Très bon état,Barrière sécurité enfant,https://www.vinted.fr/items/9946270606-barriere-securite-enfant
Enfants › Sécurité bébé et enfant,10,16.7,13,0.78,20.0,pas de marque,Très bon état,Barrière sécurité lit enfant,https://www.vinted.fr/items/9971332008-barriere-securite-lit-enfant
Enfants › Sécurité bébé et enfant,11,14.8,8,0.54,11.0,KIDYWOLF,Neuf avec étiquette,Casque anti-bruit enfant Kidywolf Kidynoise 27 dB bleu,https://www.vinted.fr/items/9976047217-casque-anti-bruit-enfant-kidywolf-kidynoise-27-db-bleu
Enfants › Sécurité bébé et enfant,12,14.1,34,2.41,65.0,Kinderkraft,Neuf sans étiquette,Cododo chicco,https://www.vinted.fr/items/9951573505-cododo-chicco
Enfants › Sécurité bébé et enfant,13,13.1,11,0.84,5.0,Amazon,Neuf sans étiquette,Bracelet de sécurité,https://www.vinted.fr/items/9970446177-bracelet-de-securite
Enfants › Sécurité bébé et enfant,14,12.7,8,0.63,10.0,Alpine,Très bon état,Casque antibruit baby muffy,https://www.vinted.fr/items/9974191505-casque-antibruit-baby-muffy
Enfants › Sécurité bébé et enfant,15,12.1,8,0.66,7.5,je ne sais plus,Très bon état,Casque anti bruit,https://www.vinted.fr/items/9973639883-casque-anti-bruit
Enfants › Fournitures scolaires,1,47.8,65,1.36,15.0,immergreen,Neuf avec étiquette,Boite pour déjeuner immergreen en acier inoxydable,https://www.vinted.fr/items/9954947079-boite-pour-dejeuner-immergreen-en-acier-inoxydable
Enfants › Fournitures scolaires,2,44.4,28,0.63,70.0,Stanley,Neuf avec étiquette,"Sac isotherme rose Stanley 7 litres, julienne mini soft cooler",https://www.vinted.fr/items/9974119100-sac-isotherme-rose-stanley-7-litres-julienne-mini-soft-cooler
Enfants › Fournitures scolaires,3,42.1,24,0.57,30.0,Eastpak,Neuf avec étiquette,Sac Eastpak noir neuf avec étiquette,https://www.vinted.fr/items/9975402870-sac-eastpak-noir-neuf-avec-etiquette
Enfants › Fournitures scolaires,4,38.0,19,0.35,15.0,Perona,Neuf avec étiquette,Sac à dos scolaire Papillons - Perona - neuf,https://www.vinted.fr/items/9979309414-sac-a-dos-scolaire-papillons-perona-neuf
Enfants › Fournitures scolaires,5,37.3,31,0.83,22.0,Lacoste,Neuf sans étiquette,Lunch box Lacoste,https://www.vinted.fr/items/9970673889-lunch-box-lacoste
Enfants › Fournitures scolaires,6,36.0,18,0.34,27.99,Safta,Très bon état,🍭 Divina Mochila escolar chulísima 🎒 con vespas🛵  💕,https://www.vinted.fr/items/9979491380-divina-mochila-escolar-chulisima-con-vespas
Enfants › Fournitures scolaires,7,31.9,23,0.72,10.0,Primark,Très bon état,Petite Boîte repas,https://www.vinted.fr/items/9972470544-petite-boite-repas
Enfants › Fournitures scolaires,8,29.5,56,1.9,7.0,Inconnu,Très bon état,Sac à lunch isotherme,https://www.vinted.fr/items/9959872304-sac-a-lunch-isotherme
Enfants › Fournitures scolaires,9,28.8,17,0.59,20.0,Diddl,Neuf sans étiquette,Set Diddl vintage,https://www.vinted.fr/items/9967811190-set-diddl-vintage
Enfants › Fournitures scolaires,10,23.2,16,0.69,35.0,Tommy Hilfiger,Neuf avec étiquette,Sac à dos Tommy Hilfiger neuf,https://www.vinted.fr/items/9972999943-sac-a-dos-tommy-hilfiger-neuf
Enfants › Fournitures scolaires,11,22.0,11,0.33,17.0,Eastpak,Très bon état,Sac Eastpak noir Gris 24L,https://www.vinted.fr/items/9979549881-sac-eastpak-noir-gris-24l
Enfants › Fournitures scolaires,12,19.4,12,0.62,28.0,Legami,Très bon état,Lot legami Lovely friends Halloween,https://www.vinted.fr/items/9974413255-lot-legami-lovely-friends-halloween
Enfants › Fournitures scolaires,13,19.3,26,1.35,46.0,Carhartt,Neuf avec étiquette,Sac à dos Carhartt,https://www.vinted.fr/items/9967847018-sac-a-dos-carhartt
Enfants › Fournitures scolaires,14,19.0,11,0.58,30.0,Miniland,Neuf avec étiquette,Mochila infantil escolar,https://www.vinted.fr/items/9975220830-mochila-infantil-escolar
Enfants › Fournitures scolaires,15,17.5,10,0.57,25.0,Eastpak,Très bon état,Sac eastpak pinnacle,https://www.vinted.fr/items/9975436681-sac-eastpak-pinnacle
Sport › Golf,1,47.7,63,1.32,79.0,Titleist,Bon état,Sac de golf titleist trépied,https://www.vinted.fr/items/9968250001-sac-de-golf-titleist-trepied
Sport › Golf,2,42.0,21,0.48,429.0,TaylorMade,Très bon état,"TaylorMade RSI Set Of Golf Irons 4-LW Regular Graphite Shaft 10 Clubs, MCC Align Grips.",https://www.vinted.fr/items/9935387628-taylormade-rsi-set-of-golf-irons-4-lw-regular-graphite-shaft-10-clubs-mcc-align-grips
Sport › Golf,3,34.0,17,0.3,90.0,TaylorMade,Très bon état,Sac Golf Taylor Made chariot,https://www.vinted.fr/items/9973221140-sac-golf-taylor-made-chariot
Sport › Golf,4,31.2,40,1.28,8.0,Accessories,Neuf sans étiquette,Couvre Putter maillet,https://www.vinted.fr/items/9968541099-couvre-putter-maillet
Sport › Golf,5,30.2,26,0.86,380.0,Titleist,Très bon état,Titleist TMB – Ferri dal 5 al 50° | AMT S300 | Golf Pride ALIGN,https://www.vinted.fr/items/9914591130-titleist-tmb-ferri-dal-5-al-50deg-amt-s300-golf-pride-align
Sport › Golf,6,26.0,13,0.47,23.5,TaylorMade,Bon état,60 degree bounce Club,https://www.vinted.fr/items/9977378573-60-degree-bounce-club
Sport › Golf,7,22.9,16,0.7,85.0,TaylorMade,Très bon état,Wedge mg4 Taylormade,https://www.vinted.fr/items/9972824401-wedge-mg4-taylormade
Sport › Golf,8,18.0,9,0.36,20.0,unknown,Neuf sans étiquette,Blue Spider Design Mallet Putter Headcover,https://www.vinted.fr/items/9958196950-blue-spider-design-mallet-putter-headcover
Sport › Golf,9,17.9,28,1.56,25.0,Oceans Apart,Bon état,Golf putter,https://www.vinted.fr/items/9964627862-golf-putter
Sport › Golf,10,17.5,14,0.8,110.0,Cleveland,Neuf avec étiquette,Sandwedge Cleveland 54 degrés,https://www.vinted.fr/items/9971104538-sandwedge-cleveland-54-degres
Sport › Golf,11,16.9,12,0.71,15.0,Oakley,Neuf avec étiquette,"guante de golf Oakley Skull Golf Glove 18.0, color Blackout/White.",https://www.vinted.fr/items/9972707035-guante-de-golf-oakley-skull-golf-glove-180-color-blackoutwhite
Sport › Golf,12,16.7,10,0.6,150.0,Callaway,Neuf avec étiquette,Callaway,https://www.vinted.fr/items/9974673500-callaway
Sport › Golf,13,16.3,23,1.41,20.0,Titleist,Très bon état,Balles de golf,https://www.vinted.fr/items/9967115474-balles-de-golf
Sport › Golf,14,16.0,8,0.38,120.0,Titleist,Très bon état,Sac Titleist trépied,https://www.vinted.fr/items/9978874465-sac-titleist-trepied
Sport › Golf,15,15.5,13,0.84,160.0,Scotty Cameron,Neuf avec étiquette,Putter Scotty Cameron,https://www.vinted.fr/items/9970530371-putter-scotty-cameron
Enfants › Santé et grossesse,1,35.8,54,1.51,10.0,Medi,Neuf avec étiquette,Ceinture lombaire,https://www.vinted.fr/items/9965447723-ceinture-lombaire
Enfants › Santé et grossesse,2,32.0,16,0.44,4.0,Always,Neuf avec étiquette,couches post partum,https://www.vinted.fr/items/9977963276-couches-post-partum
Enfants › Santé et grossesse,3,30.0,15,0.37,20.0,Lansinoh,Neuf avec étiquette,Lot produits post partum,https://www.vinted.fr/items/9975789314-lot-produits-post-partum
Enfants › Santé et grossesse,4,29.1,50,1.72,5.0,Amazon,Très bon état,Coussin de grossesse,https://www.vinted.fr/items/9962042020-coussin-de-grossesse
Enfants › Santé et grossesse,5,24.7,21,0.85,2.0,NUK,Neuf avec étiquette,Slip jetables maternité,https://www.vinted.fr/items/9970399609-slip-jetables-maternite
Enfants › Santé et grossesse,6,18.0,9,0.38,5.0,je ne sais plus,Très bon état,Coussin d’allaitement,https://www.vinted.fr/items/9978899616-coussin-dallaitement
Enfants › Santé et grossesse,7,17.6,46,2.61,65.0,Doomoo,Neuf avec étiquette,Coussin de grossesse,https://www.vinted.fr/items/9953142076-coussin-de-grossesse
Enfants › Santé et grossesse,8,17.0,9,0.53,29.0,Nuliie,Neuf sans étiquette,Coussin de grossesse,https://www.vinted.fr/items/9976126516-coussin-de-grossesse
Enfants › Santé et grossesse,9,15.2,10,0.66,4.0,Doomoo,Bon état,Coussin d’allaitement,https://www.vinted.fr/items/9973498178-coussin-dallaitement
Enfants › Santé et grossesse,10,14.0,7,0.37,20.0,sans marque,Très bon état,Coussin grossesse allaitement,https://www.vinted.fr/items/9978981711-coussin-grossesse-allaitement
Enfants › Santé et grossesse,11,14.0,7,0.49,30.0,Doomoo,Très bon état,Coussin d’allaitement,https://www.vinted.fr/items/9976050320-coussin-dallaitement
Enfants › Santé et grossesse,12,13.1,11,0.84,22.0,jho,Neuf avec étiquette,Lot Jho & Savinoh Post Partum,https://www.vinted.fr/items/9970474750-lot-jho-savinoh-post-partum
Enfants › Santé et grossesse,13,12.5,18,1.44,10.0,Grundig,Neuf sans étiquette,Balance enfant,https://www.vinted.fr/items/9966647674-balance-enfant
Enfants › Santé et grossesse,14,12.0,6,0.46,25.0,Momcozy,Très bon état,Ceinture de grossesse Momcozy,https://www.vinted.fr/items/9977679110-ceinture-de-grossesse-momcozy
Enfants › Santé et grossesse,15,11.9,30,2.53,18.0,Frida Mom,Neuf avec étiquette,Lot de 5 pads fraîcheur Frida Mom,https://www.vinted.fr/items/9954537163-lot-de-5-pads-fraicheur-frida-mom
